,8020010,8020020,8020030,8020031,8020032,8020040,8020050,8020060,8020061,8020062,8020070,8020070,8020070,8020070,8020080,8020080,8020080,8020080,8020081,8020082,8020550,8020551,8020552,8020553,8020554,8020555,8021370,8021560,8021980,8021981,8022020,8022030,8022130,8022310
returnPeriodBankfullQ,1.58,1.58,1.58,1.58,1.58,1.58,1.58,1.58,1.58,1.58,1.58,1.58,1.58,1.58,1.58,1.58,1.58,1.58,1.58,1.58,1.58,1.58,1.58,1.58,1.58,1.58,1.58,1.58,1.58,1.58,1.58,1.58,1.58,1.58
meanAnIndFloodDuration,0.004325804,0.003932549,0.014419347,0.005407255,0.00617972,0.005407255,0.00772465,0.012722954,0.009403922,0.00772465,0.014419347,0.015449301,0.014419347,0.015449301,0.014784394,0.019662747,0.015644862,0.019662747,0.005030005,0.003433178,0.010814511,0.009403922,0.010814511,0.010299534,0.010299534,0.007458283,0.009012092,0.009012092,0.006554249,0.006361477,0.006361477,0.009403922,0.006759069,0.005407255
cvAnIndFloodDuration,0.614429187,0.459541261,0.504744355,0.941948729,0.769939337,0.493008819,0.501737266,0.515677156,0.39086151,0.546137841,0.558050063,0.508927122,0.539276162,0.508927122,0.545769183,0.334282684,0.584166072,0.334282684,1.57991143,0.495504964,0.516062344,0.57445842,0.559952001,0.702822383,0.489466026,0.479594846,0.623753224,0.54107527,0.668186292,0.433247065,0.54768754,0.532699378,0.553909748,0.506166803
meanAnIndOverbankFloodDuration,0.396847285,0.436532013,0.119054185,0.317477828,0.277793099,0.317477828,0.222234479,0.134928077,0.182549751,0.222234479,0.119054185,0.11111724,0.119054185,0.11111724,0.119054185,0.087306403,0.11111724,0.087306403,0.341288665,0.500027579,0.158738914,0.182549751,0.158738914,0.16667586,0.16667586,0.230171425,0.190486697,0.190486697,0.261919208,0.269856154,0.269856154,0.182549751,0.253982262,0.317477828
returnPeriodIndBankfullQ,2.466159359,2.245966559,7.860882957,3.067661642,3.493725759,3.067661642,4.337038873,6.987451517,5.240588638,4.337038873,7.860882957,8.384941821,7.860882957,8.384941821,7.860540726,10.48117728,8.384759297,10.48117728,2.858502893,1.965220739,5.989244158,5.240588638,5.989244158,5.717005787,5.717005787,4.19247091,5.030965092,5.030965092,3.699239039,3.593546495,3.593546495,5.240588638,3.811337191,3.067661642
meanAnFloodDuration,0.004235479,0.004094101,0.014080375,0.004893515,0.006293254,0.005063552,0.007601138,0.012502852,0.009734581,0.00742642,0.014080375,0.015058179,0.014080375,0.015058179,0.014080375,0.019575633,0.015163481,0.019575633,0.005298248,0.003392554,0.010342992,0.009222234,0.010419043,0.010951403,0.010387728,0.007300935,0.008539487,0.008669861,0.006939691,0.006698608,0.006257945,0.009366332,0.006634023,0.005090691
cvFloodDuration,0.528917163,0.460302165,0.505078671,0.804811562,0.637499898,0.440467894,0.454117036,0.498087801,0.331771826,0.540959653,0.56487903,0.500688232,0.543894716,0.500688232,0.538520889,0.312823639,0.597087625,0.312823639,1.884449798,0.388434026,0.523977298,0.550625778,0.479345252,0.695309918,0.491010469,0.451930383,0.541027,0.549993704,0.666895835,0.618954588,0.488880997,0.534263243,0.494178761,0.479800707
meanAnOverbankFloodDuration,0.396847285,0.436532013,0.119054185,0.317477828,0.269856154,0.317477828,0.222234479,0.134928077,0.182549751,0.222234479,0.119054185,0.11111724,0.119054185,0.11111724,0.119054185,0.087306403,0.11111724,0.087306403,0.333351719,0.492090633,0.158738914,0.182549751,0.158738914,0.16667586,0.16667586,0.230171425,0.190486697,0.190486697,0.253982262,0.253982262,0.269856154,0.182549751,0.253982262,0.317477828
meanAnOverbankFloodVolRelBankfull,152.8922514,46.26803355,1649.992783,65.76779101,13.95728604,21.09477474,184.9005124,1712.041795,23.33000157,240.4674157,1517.112574,1489.234093,1568.462837,1470.001132,1450.450278,1288.780984,1422.196493,1266.019282,36.8406001,5.65006945,1464.915545,24.64613751,862.5070596,10.90801949,908.5387122,55.99973066,778.7521299,577.9624633,541.558315,409.198171,484.7872887,905.8424447,329.5250343,59.04018516
bankfullQ,224.3588274,64.5747755,7616.758214,291.3417245,64.90699122,58.13331047,402.2151453,6802.839332,51.22018151,609.6736841,7066.023047,7186.645236,7127.540704,6980.330755,6217.412188,6650.90974,6778.909253,6368.702356,77.36371939,18.70332069,6056.649942,77.87211376,3569.269664,30.37041723,2752.257475,136.904,3187.760808,1792.402453,1073.753273,804.0007916,1105.223489,2637.935866,1084.442927,253.1410932
meanQ,4.411575957,0.646257362,206.2223893,11.8274134,2.746674173,0.56439425,6.354011263,157.9222319,0.491595587,8.815736811,176.636672,176.7974602,168.8075789,160.8714683,145.6474208,152.8059623,166.8177334,134.0424249,2.257945616,0.546389323,136.6786928,1.091491109,76.18516603,0.38228054,59.7658057,1.714089776,68.15415883,43.52025736,18.29343785,13.40890461,16.81672887,56.86071824,19.30991502,4.910116909
YearEvent1,137.2998259,32.96959256,6528.130459,266.3849201,58.36349742,44.3788657,293.3525817,5770.608063,36.44566167,505.225975,6069.737841,6231.87715,6103.084105,6039.910341,5332.919773,5717.544563,5850.681201,5454.943228,65.83957998,15.06002315,4853.96225,64.72072161,2957.770644,23.32910591,2173.544794,100.1535343,2639.6242,1433.473636,824.5701081,627.5154849,837.5562994,2035.564895,868.2698738,220.9793291
YearEvent2,277.3149406,76.96429467,8177.470183,310.0678327,69.38087002,61.44287366,450.7989592,7558.442012,58.17752488,654.8487642,7506.375708,7607.43039,7636.600841,7395.084331,6780.434215,7130.184872,7244.032265,6845.864724,86.81966243,19.77026252,6485.887575,91.90389466,3875.881687,32.99185465,3182.389313,154.8031108,3461.737262,2117.374217,1208.17268,960.76692,1322.898308,3076.256179,1175.714942,276.0861213
YearEvent5,539.1863446,146.1998681,10791.19932,389.5167347,88.07079032,91.01273405,707.9403819,10593.07895,89.64351643,1013.037409,9935.92264,10030.56966,10153.50741,9786.227168,9054.412968,9120.785557,9718.641477,8792.108892,142.498626,25.54550721,8759.25247,120.8215712,5322.865787,52.13617991,4453.565726,233.4000958,4864.646062,2920.604663,2164.085498,1677.165038,1966.673237,4365.978711,1575.524736,347.0250322
YearEvent10,687.1555126,225.0072196,13305.90332,472.7137683,102.9593303,109.0873982,876.4868496,12039.67998,122.3634147,1379.168924,12603.11833,12233.5296,12884.92623,11963.19071,11275.37206,11160.11727,11863.70491,10801.21238,197.1738884,34.57916739,11226.57399,158.3566922,6590.881334,68.1285214,5444.747923,315.2305201,5833.247674,3380.859811,2589.331561,2077.426345,2750.24949,5361.264674,1973.617503,432.8271501
YearEvent15,740.922554,252.2491559,14280.94316,516.7854903,115.3624951,116.8358141,1197.4198,13329.93641,137.3334207,1548.032207,13355.7685,13393.52005,13533.31899,13110.39797,12045.64418,11997.78972,12618.56105,11621.95323,223.72624,43.10321671,11800.44972,183.6822303,6907.068366,74.21817596,5902.310914,381.1054662,6074.069304,3866.709675,3131.580811,2235.625189,2991.267296,5864.907314,2308.440883,452.8839219
YearEvent20,765.3311718,262.3707711,14735.67178,572.7534011,126.4529155,121.0315838,1364.090248,14037.05577,141.5554617,1619.81566,13753.42849,13815.96712,13890.23488,13528.31859,12381.56701,12456.54061,12923.06677,12074.2654,256.4968966,52.64466705,12261.6215,190.6581742,7094.944468,82.13793791,6131.625154,399.2281697,6235.889501,4081.375449,3260.150752,2393.548642,3164.163083,6104.097878,2537.390823,514.8952221
meanAnDailyQ,4.412033966,0.646297814,206.2374939,11.82858485,2.746894845,0.56453623,6.354436061,157.9340808,0.491638333,8.816420381,176.6504309,176.8114684,168.8211693,160.8847525,145.659169,152.8189121,166.8310003,134.0544564,2.258097629,0.54641514,136.6886791,1.091618202,76.19051928,0.382303533,59.7703579,1.714223942,68.15900868,43.52385909,18.2950906,13.4102791,16.81774968,56.86507204,19.31177254,4.91024142
medQ,0.00573514,0,12.8597592,0.365992581,0.084920945,0,0,7.943817473,0,0,4.471474455,0,0,0,1.407961797,0,0,0,0.013879623,0.002268428,7.358196386,0,2.799071151,0,3.458333785,0.000586453,1.981396707,2.528617223,0.018630045,0.009010952,0.154854291,3.137378034,0.514080004,0
specificMeanQ,5.12E-05,2.20E-05,2.69E-05,5.64E-05,6.45E-05,7.77E-06,6.73E-06,2.42E-05,1.11E-05,7.72E-06,2.16E-05,2.17E-05,2.07E-05,1.97E-05,1.55E-05,1.62E-05,1.77E-05,1.42E-05,4.35E-06,4.10E-06,3.00E-05,2.32E-05,4.19E-05,1.61E-05,2.80E-05,1.48E-05,3.98E-05,3.51E-05,2.40E-05,2.41E-05,3.29E-05,3.04E-05,3.79E-05,1.43E-05
specificMedQ,6.65E-08,0,1.68E-06,1.75E-06,1.99E-06,0,0,1.22E-06,0,0,5.48E-07,0,0,0,1.50E-07,0,0,0,2.68E-08,1.70E-08,1.62E-06,0,1.54E-06,0,1.62E-06,5.08E-09,1.16E-06,2.04E-06,2.44E-08,1.62E-08,3.03E-07,1.68E-06,1.01E-06,0
cvMeanQ,5.762400537,10.88466645,3.557233087,2.891972291,2.774965092,9.804129574,6.353596274,4.070106961,9.522309241,6.516629017,3.81287444,3.887388229,4.025110934,4.117237861,4.066992854,4.14160176,3.938879867,4.461145534,3.908227129,3.629039149,4.038007301,6.143580668,4.311192215,6.768388592,4.236921993,7.028261987,4.310968082,3.87862276,5.897342562,5.987489461,6.141884769,4.285886845,5.053982716,4.864856
skewnessQ,22.63104916,32.38318822,8.521945023,6.674968158,6.168602183,35.15100743,23.33107146,9.671730454,21.12904478,19.95029762,8.748833413,8.566773245,8.875818795,8.812465859,9.100037249,8.381801386,8.366656166,8.755918501,14.78412216,11.39300264,10.06824871,14.50622998,9.885122184,18.45317646,11.86585571,19.95479844,9.919805845,11.05135497,17.29779217,16.92067292,17.01888372,12.14008279,17.33590928,10.01305901
meanQ01,16.24059151,2.326029926,566.6900692,33.60229996,7.825853112,2.331609721,19.81607647,450.5836991,1.909759089,28.08000577,460.5730268,480.3042401,448.692357,440.5198398,344.940963,384.6572165,417.4930143,337.3597572,6.865173826,1.630377552,406.3870259,3.256521412,232.4727012,1.105603196,184.6148631,5.711635346,217.5330717,137.4645968,64.29386075,47.14820152,57.74786821,180.4469723,51.45034025,16.38180196
meanQ02,19.39747158,2.763879641,906.0062868,46.58401949,10.95251103,2.959704519,28.62026683,725.4063676,1.859523195,39.0021843,796.8425022,816.5257741,784.081421,760.5271765,666.021812,731.4110778,775.1682429,656.8073546,9.213645519,2.05927424,634.7519081,5.52666145,366.3242329,1.821477589,261.6420496,7.151706296,323.3235574,178.1952713,75.93695986,55.10605211,82.72172781,247.3267686,87.25668585,20.09442494
meanQ03,9.937108409,1.734067442,611.2842533,31.95259539,7.388603351,1.19352492,15.71959948,465.9870334,1.286410917,23.10075482,574.9577353,565.0643248,555.9353609,521.042242,526.6006482,540.0983596,583.5203724,480.3921523,5.017713403,1.291163328,375.8465942,2.764599595,213.8478846,1.205825181,149.0370493,5.2267313,185.6301532,103.5467543,39.16859775,28.73842183,38.39780951,136.1097625,63.23631899,9.279959498
meanQ04,1.39362934,0.227462412,144.0697982,9.992483217,2.270169913,0.131153166,3.783580652,94.92664322,0.265972209,5.24556049,123.9355706,113.5124031,108.1621535,95.72050323,106.7841014,95.01043865,113.0917249,76.95252455,1.764126737,0.442409325,76.32745764,0.494156198,39.3580662,0.135130681,34.48337121,0.634757432,33.88263628,28.01558831,8.921402568,6.514217814,5.637128816,32.38993714,15.54215503,2.686269603
meanQ05,0.690259302,0.063460161,51.13697415,4.071190321,0.820532002,0.043365042,1.385650481,28.15084607,0.088308115,1.7201492,37.69807679,33.39220887,30.280527,26.26816462,28.64104428,22.99236388,30.49782641,17.08640988,0.860410246,0.199934711,24.2995473,0.121206094,10.94391197,0.029454386,13.35515853,0.179108177,10.06997085,11.43930571,3.976812476,2.940416574,2.193616727,13.0077544,4.924301672,1.45195725
meanQ06,0.383300435,0.043424554,29.54793478,2.041284946,0.491740177,0.007972742,1.005916709,17.91418435,0.026848924,1.141133222,22.18619198,19.20871871,17.91222165,15.11255792,17.61034796,13.89358771,18.44426746,10.51857718,0.478253456,0.104469211,15.05934455,0.099180426,5.954844914,0.029765919,8.762313637,0.148561002,5.155035281,7.374520931,3.120525108,2.256456011,1.325338029,8.377171081,1.925981931,1.167917476
meanQ07,0.271269095,0.037992352,16.02616042,1.239306835,0.292350922,0.003958667,0.670329854,10.1751381,0.023125623,0.759006966,10.71901042,9.467759128,8.521829772,7.366205778,7.538826517,5.926344873,8.046629451,4.19954901,0.192322665,0.05365362,9.208007812,0.056715626,3.309082431,0.018965365,5.898755872,0.109878619,2.899905437,4.868832473,2.141981109,1.606426391,1.083845977,5.723403099,0.784703161,0.810631857
meanQ08,0.11167504,0.019124432,7.292640889,0.487670409,0.11005912,0.002097834,0.332584227,4.358954761,0.002866777,0.360117762,4.262657754,3.299978766,2.956975116,2.267180431,2.891400659,1.599006411,2.718599974,0.806997387,0.137400222,0.039681833,3.800049556,0.021594185,0.756694164,0.009296649,2.988093664,0.058845176,0.586447748,2.482103927,1.028421123,0.723299262,0.399776089,2.852731488,0.243534153,0.408195373
meanQ09,0.138442816,0.009084754,4.393613747,0.205004085,0.06040386,0.000968578,0.156700806,3.328597886,0.001122243,0.160898755,2.506137983,2.0312734,1.858780931,1.595888819,1.612465109,1.258060991,1.629836443,0.926561384,0.053180605,0.011538428,3.216134262,0.014389086,0.876726891,0.006668436,2.380643117,0.028999494,0.750241663,1.990226764,0.75443761,0.592879116,0.41814429,2.350382567,0.090473168,0.191432866
meanQ10,0.362256639,0.0337108,10.09629378,0.815752161,0.209220946,0.005739187,0.23969237,6.357542978,0.031428967,0.274938762,5.626353941,4.700375779,4.157781539,3.595742119,3.182219084,2.552152313,3.343755173,1.825672989,0.141980948,0.040897894,6.234077509,0.04478829,2.270501371,0.011552674,4.159085456,0.063213117,2.061686959,3.530140259,1.309121238,1.00519299,0.967681382,4.185334091,0.099813397,0.331851729
meanQ11,1.16836972,0.150254098,27.97206509,2.177233732,0.562128983,0.048502479,0.791755503,21.35232335,0.044738453,1.02104158,15.25444206,12.18901406,9.94937827,8.469017721,6.704654476,4.347748766,6.569059046,2.859318844,0.513163648,0.147066745,21.27231733,0.21815286,8.280514007,0.050386204,13.55473858,0.286884246,7.329319992,11.56748846,4.626459204,3.662150964,3.179615954,13.54432801,0.479437091,1.057561203
meanQ12,3.709926461,0.465754788,142.5342054,10.79562952,2.462371056,0.190799914,5.074987764,101.1438374,0.428409797,6.719107517,102.8294896,100.7966853,90.66538462,84.5409732,67.0904512,65.4522295,78.47237942,50.99726273,2.276941359,0.623249194,94.21898702,0.760877508,47.60315286,0.249296785,48.496798,1.267499753,44.0876916,39.73039966,17.57993314,13.01809679,11.77066598,47.47433285,9.829135495,5.943280637
cvQ01,3.479868732,6.655133377,2.204792138,1.769667687,1.621672896,4.316860088,4.451928249,2.475022855,5.702567288,4.531680773,2.39752008,2.392117086,2.503991752,2.532774876,2.52987871,2.546265616,2.408607824,2.769020128,2.37905904,2.319300717,2.328218851,3.35071455,2.449344449,3.583778065,2.528729598,4.149182996,2.484245449,2.397361036,3.458693325,3.515762532,3.293911074,2.555148898,3.63934611,2.799313736
cvQ02,2.343035218,4.870039803,1.611714828,1.395744541,1.352071466,5.063163226,2.805368307,1.840342471,3.880424816,2.802191275,1.653385556,1.665495994,1.705999165,1.735937177,1.745935169,1.706371921,1.654283711,1.813692088,2.174595166,1.765253472,1.88150752,3.030561797,1.96215132,3.3042604,2.04206631,3.345645404,1.926278067,1.858665035,2.882954926,2.946889468,2.906945179,2.069675867,2.342912593,2.323304385
cvQ03,4.238698665,7.194669876,2.023813408,1.399480083,1.314075135,5.063923012,3.808516195,2.323037383,6.166453523,3.886562424,2.13427545,2.159268155,2.230639142,2.272478216,2.233796199,2.244305752,2.160320938,2.411997494,1.832021138,2.09624111,2.362573148,3.533200498,2.435506972,4.113887434,2.697289803,4.343018876,2.446142697,2.463403872,4.23419898,4.320303504,4.151742291,2.759940022,2.514322405,3.552158019
cvQ04,3.963274199,9.00439206,2.523435998,2.044093691,2.012081115,12.82144808,5.776969168,3.053210378,9.234108399,5.452058969,2.776651156,3.008786659,3.167925457,3.38077064,2.974104581,3.459842738,3.086851044,3.912754124,2.966646895,3.048923272,3.044571637,7.589377932,3.373992343,6.143824831,3.140474056,5.811671382,3.168791577,3.051004655,6.415196285,6.421500993,4.989138945,3.195389417,2.320308921,6.8142249
cvQ05,8.998585303,7.332112581,3.155028165,3.492880472,3.401905359,22.83571684,6.403421524,3.694628805,14.1599656,6.547861457,3.877718277,4.342348271,4.74082284,5.110371035,4.357353327,5.57558249,4.557727803,6.656365681,4.170331614,4.912159525,3.712323392,8.47295782,4.182390773,11.61522226,3.947255618,7.765451566,4.120462066,3.832996007,6.603060682,6.684316323,7.541816,4.105171248,1.607790576,7.069430372
cvQ06,6.527847287,9.024746299,3.97679092,4.145155896,4.102932413,9.101559903,9.100380783,4.781900033,12.51776001,8.329439937,5.067401073,5.579907868,6.101519999,6.514008685,5.572034052,6.998458814,5.805929035,8.122937884,5.30586782,5.596328029,4.764428532,6.632739282,4.985224454,6.816271736,5.183967002,6.556024741,5.22656597,5.380773444,8.755791808,8.720138379,8.219339701,5.440234149,2.645357193,9.15383907
cvQ07,8.085086184,9.472671877,4.734985604,5.730466499,5.611994624,13.05791446,9.035158845,5.547466077,21.26243797,9.208777224,5.665950295,6.283158449,6.760329893,7.162139771,6.067890252,7.428876039,6.399530556,8.470474055,9.754579264,10.51315321,5.735071577,8.865945357,6.978553697,8.119998447,5.744459551,7.875630115,7.645344505,5.866953581,9.198298761,9.298130379,9.75956595,5.962833641,4.121717748,9.096245754
cvQ08,10.28829815,12.64781425,4.416590826,5.306282321,5.265448928,9.902035819,12.86770515,5.485334344,9.917288712,11.49397934,5.748367421,6.70259834,7.185057986,7.87565741,6.044603719,8.347639148,6.696398455,10.77968305,8.985940025,10.34450286,5.617133663,11.16936024,4.523764655,8.775111416,6.655025953,8.936009714,5.1670394,7.449557228,11.76531468,12.47172326,11.04567564,7.096773992,2.468311675,12.50885716
cvQ09,10.10649854,19.18631297,8.611905421,11.12880705,11.24297989,21.82464322,23.93375224,10.42660492,17.76592455,22.1997433,12.14460804,14.36606864,15.41254137,16.25697453,13.840273,16.32838127,14.85131346,17.76510166,16.77040292,16.80460814,10.38739336,18.83817171,11.92421327,17.28031387,10.12096658,15.93101231,11.57496994,10.07724834,16.7179767,16.14298309,16.78343732,10.29177365,2.481130143,23.32979133
cvQ10,5.01823848,7.751401999,5.153915794,6.895181854,6.744839187,7.307027827,11.19528206,4.929783072,16.70429097,10.22197654,7.201709344,8.307182708,9.041954936,9.494058622,8.991641203,10.51530756,9.418022457,11.44507872,7.953413634,8.67274411,4.640423004,9.277613441,4.819444838,6.357397314,5.248841611,5.567672551,5.731095354,5.214485145,8.3137533,8.29764102,8.456684129,5.390702386,3.029128453,9.783052585
cvQ11,3.407086684,15.03448689,4.116418031,5.167928696,5.733970107,18.08691201,9.929078871,4.768218267,19.21561499,12.06050238,5.498844736,7.286706673,8.286243094,9.761598533,6.317303329,12.55615816,8.597940083,16.96989569,4.230906947,4.342130431,3.755501502,12.32404084,4.550375882,7.059674005,3.463285156,9.980697906,4.477128565,3.459845062,5.434698604,5.314175942,4.476234189,3.429426123,7.276080801,8.533384642
cvQ12,3.52870704,3.326418393,2.531697555,2.602225248,2.347896234,8.797984855,3.150310523,2.935932683,8.938944881,3.797214297,3.012086544,3.145461743,3.427795266,3.556217616,3.73276618,4.052345513,3.592204375,4.776308818,2.92751449,2.890985774,2.613987229,2.736862559,3.347270418,2.933718568,2.49642769,2.793913131,3.576358404,2.427442892,3.180404237,3.281823132,3.756463667,2.584406537,5.488571425,3.074349132
seasonMeanQ1,2.929506466,2.822366178,2.556265721,2.522085657,2.534602477,3.176350968,2.755278685,2.637618348,2.817646502,2.740512863,2.50742818,2.574376714,2.551130855,2.600634672,2.402822137,2.509772415,2.475481519,2.528664943,2.667848523,2.596330376,2.711528161,2.848920086,2.767591529,2.708610617,2.709868616,2.704383487,2.803252131,2.680021336,2.836504744,2.827489361,2.959440021,2.738177615,2.504247643,2.842617565
seasonMeanQ2,0.914730982,1.05199757,1.310170227,1.30179503,1.276596448,0.814227777,1.101273124,1.250345306,1.118705347,1.142737647,1.397513561,1.349955739,1.37908224,1.340405609,1.523632968,1.444438116,1.461326491,1.437767637,1.131971824,1.18358667,1.168589172,1.038514129,1.162683217,1.204089173,1.103702867,1.183438006,1.129661347,1.100196176,0.9537453,0.954484578,0.92263722,1.06942117,1.451858263,0.914875735
seasonMeanQ3,0.057581417,0.051691563,0.08482405,0.105479753,0.107746579,0.00822224,0.104808558,0.06800144,0.03562561,0.084984959,0.069537081,0.059762652,0.057514005,0.050811001,0.063557856,0.046243182,0.057798707,0.038174177,0.118273217,0.119907242,0.067997472,0.053805702,0.043470237,0.050301665,0.097911473,0.061429915,0.041901173,0.112170317,0.114021774,0.113418446,0.05542645,0.098863871,0.05046676,0.161204805
seasonMeanQ4,0.125629352,0.099052165,0.068418375,0.089896809,0.100668539,0.032360797,0.062060222,0.065236691,0.052533998,0.054823678,0.043998827,0.0355731,0.031451117,0.028240087,0.026268644,0.017783885,0.023031209,0.013950993,0.104109697,0.121195028,0.074604259,0.084214822,0.049777907,0.059497531,0.111606524,0.073316834,0.04938693,0.130333597,0.121348782,0.130151239,0.090131947,0.117230099,0.011490722,0.106882318
seasonCvQ1,3.326531225,6.505851435,2.199425686,1.843950563,1.745168214,5.78170007,3.986736582,2.494335165,5.709525578,4.076821517,2.339743379,2.356941044,2.441461954,2.482924841,2.499110396,2.492368137,2.383257627,2.678448954,2.575696959,2.286565679,2.447992401,3.721036871,2.591665227,4.018881815,2.597054165,4.219639056,2.581998921,2.397365883,3.537390836,3.602018001,3.597107493,2.62496903,3.404609071,2.82502262
seasonCvQ2,6.261376579,10.85360676,2.9331261,2.077258186,2.000312753,8.093651133,5.403031928,3.44677245,8.903211098,5.538774093,3.161510478,3.250531651,3.375180622,3.472714087,3.349526944,3.475556032,3.285301592,3.77355735,2.623165641,2.936768229,3.486912855,5.471080485,3.674711464,6.458878196,3.798578529,6.685509082,3.671293844,3.404370007,5.959338896,6.064961404,6.175215678,3.854608969,3.496753596,5.089569636
seasonCvQ3,7.989347051,10.08612596,4.739808934,5.25563943,5.203341663,11.33789178,10.1760224,5.655890048,19.66935485,9.605270545,6.10356548,6.788739368,7.429048852,7.958948885,6.818915032,8.748006442,7.175068835,10.42930456,7.319359382,8.021179433,5.685866495,8.460319867,6.583684149,8.009684775,5.915509683,7.692366284,7.080310824,6.170646677,9.874453208,9.954773202,9.78052055,6.194755632,3.641995714,10.14328155
seasonCvQ4,4.837443896,20.48215207,5.427450453,6.968337576,7.498235557,27.64093146,13.30781616,6.297945902,22.50967028,15.62418654,7.293359434,9.296475245,10.3228803,11.8123383,8.424241665,13.61197104,10.36725874,17.03397595,6.436892341,6.634496689,5.206379387,17.10992283,6.212136784,9.662517584,4.981045678,13.38106728,6.198847115,4.9660292,7.85502752,7.699653476,6.831674805,4.978379473,9.116153625,11.61428021
specificAnMeanQ,0.018687404,0.008029779,0.009829183,0.020616067,0.023560882,0.002838545,0.002457182,0.008835882,0.004069321,0.002820092,0.007905692,0.007912889,0.007555287,0.007200092,0.005654871,0.005932806,0.006476824,0.005204298,0.001590545,0.001498616,0.010969934,0.00849041,0.015299519,0.005878163,0.010220441,0.005422765,0.014530982,0.012805939,0.008756005,0.008811709,0.012006798,0.011096689,0.013843508,0.005218073
CvAnQ,0.758111806,1.078837217,0.79636845,0.726426872,0.684518948,1.391859452,1.128608554,0.857527514,1.514603453,1.16743809,0.857563863,0.88512492,0.901043456,0.931338912,0.922893145,0.974320886,0.920109751,1.041475324,0.859086979,0.657353675,0.838409181,1.187743361,0.936099308,1.261296976,0.791278623,1.178656169,0.920781983,0.707042453,0.840131994,0.85705431,0.970149457,0.777278096,1.05602364,0.695706956
skewnwssAnQ,1.711339539,2.149274384,1.769000855,1.610667971,1.548296907,2.678122471,2.400733981,1.872674279,2.903693188,2.409389795,1.84508439,1.873295145,1.894006814,1.928038745,1.922916957,1.969898122,1.910592435,2.04451003,2.723180347,1.599665543,1.887671918,2.337085994,2.039261184,2.614615258,1.817933611,2.457160787,2.024522139,1.645076431,1.925101799,1.955382987,2.169222136,1.788300014,2.328487471,1.640456872
specificAnMedQ,0.016059333,0.004255854,0.007868719,0.016712984,0.02101178,0.001206706,0.001432883,0.00702543,0.002012213,0.001577302,0.005878238,0.005870826,0.005509156,0.005294995,0.004107953,0.004082032,0.004778618,0.003387295,0.001223651,0.001158464,0.008514394,0.004174747,0.010077571,0.003265857,0.008598334,0.003286349,0.009557291,0.011391607,0.007020597,0.006694431,0.008329142,0.009381176,0.007338038,0.004497808
medAnMinQ,0,0,0.000169349,0,0,0,0,0.000195693,0,0,0,0,0,0,0,0,0,0,0,0,0.000210894,0,7.90E-05,0,0.0002418,0,8.23E-05,2.61E-05,0,0,0,0.000252195,3.20E-05,0
exceedQ75.,0,0,1.254542957,0.003568967,0.000601318,0,0,0.819595478,0,0,0,0,0,0,0,0,0,0,0,0,0.740383503,0,0.228525508,0,0.292073525,0,0.156380826,0.156936402,0,0,0.000884821,0.251816356,0.043688534,0
exceedQ90.,0,0,0.18918309,0,0,0,0,0.138888697,0,0,0,0,0,0,0,0,0,0,0,0,0.115473438,0,0.031052513,0,0.037394312,0,0.022860465,0.013170572,0,0,0,0.032936981,0.005367338,0
exceedQ99.,0,0,0.012066273,0,0,0,0,0.010279166,0,0,0,0,0,0,0,0,0,0,0,0,0.008477688,0,0.00032111,0,0.002364814,0,0.000107268,0.000569572,0,0,0,0.002201193,0,0
specificMeanAnMin,0,0,2.25E-08,1.60E-09,2.31E-09,0,0,1.98E-08,0,0,0,0,0,0,2.57E-10,0,0,0,0,0,2.62E-08,0,6.51E-09,0,4.08E-08,0,5.67E-09,1.34E-08,0,0,2.75E-11,4.57E-08,3.53E-09,0
medAnMaxQrelativeToMeanAnDailyQ,24.81427502,22.50578634,12.61727278,15.67744444,14.35495467,32.59359891,22.2223581,14.27020386,32.71398008,20.36004614,12.71907499,12.74011261,13.31402077,13.28419618,12.54740161,11.973161,12.04467107,12.4969815,23.49585581,26.94212913,15.7267818,12.52494019,16.04723389,15.25534845,18.03863111,15.48558254,17.80134418,18.94334307,27.87424557,28.51778784,25.52625823,19.64111698,12.82013882,33.13524776
exceedQ1.,78.08122598,9.059743052,3475.109827,171.5473225,38.38280729,16.16069123,128.3792588,2955.320731,12.71342856,184.0507314,3193.106097,3278.077328,3213.006052,3139.05109,2781.0722,3091.229418,3176.907495,2895.441436,34.46599254,8.659098941,2428.988067,21.73388303,1509.204021,6.829463016,1025.915637,31.57485342,1384.407306,706.4537934,368.795445,273.107963,339.1501558,971.9545416,366.6344163,111.0059622
exceedQ10.,7.112684848,0.720740018,419.4178726,32.19321083,7.679167055,0.152366279,8.170615688,286.5789953,0.124597885,9.713854051,343.6090236,344.9380809,320.3782022,298.0036793,267.8350477,282.4946873,321.8854053,216.9406059,5.594638106,1.383465479,253.1357316,1.40879876,125.9657306,0.468611286,109.9610039,2.229074755,114.2267083,87.39122602,22.58606319,16.029249,18.6464183,103.5705013,34.91214477,5.473951962
exceedQ25.,1.002083324,0.030193386,98.35742309,6.7229116,1.678947098,0.004630605,0,54.31607261,0.002631279,0.429709056,69.42195782,59.16146158,49.35047601,37.01623448,43.91624669,20.83576273,44.82690117,0,0.744400753,0.155540048,51.06778175,0.112578951,21.94558439,0.038832238,24.20475374,0.276671477,19.32396642,20.40560459,2.803323088,1.913552074,3.536639857,23.09551929,6.077102857,0.290165729
specificMeanAnMax,0.002532175,0.002049998,0.000477877,0.001053713,0.001127036,0.000524204,0.000269819,0.000514165,0.000613927,0.000285678,0.000395021,0.000394547,0.00039899,0.000379219,0.000294468,0.000292372,0.000314537,0.000274845,0.000133685,0.000135721,0.000684626,0.000751569,0.001010557,0.000557106,0.000728698,0.000625136,0.001031279,0.000901818,0.001078541,0.001098798,0.001441846,0.000856996,0.00122927,0.000563974
volHighQ1x,338.5308638,716.7883083,80.90592242,92.91370716,82.78996441,926.5210019,437.7544656,100.6726691,444.5460744,384.975313,86.26163323,86.63701569,91.62146384,93.41701372,95.14250238,87.3393906,85.12316834,96.74873947,181.781252,149.5838409,105.0269825,191.8732594,103.5371351,286.133686,123.572323,328.9985226,103.7659486,109.3757109,235.9581192,232.8173983,232.4309608,130.0750634,277.3409091,145.2064003
volHighQ3x,336.5308638,714.7883083,78.90592242,90.91370716,80.78996441,924.5210019,435.7544656,98.67266912,442.5460744,382.975313,84.26163323,84.63701569,89.62146384,91.41701372,93.14250238,85.3393906,83.12316834,94.74873947,179.781252,147.5838409,103.0269825,189.8732594,101.5371351,284.133686,121.572323,326.9985226,101.7659486,107.3757109,233.9581192,230.8173983,230.4309608,128.0750634,275.3409091,143.2064003
volHighQ7x,332.5308638,710.7883083,74.90592242,86.91370716,76.78996441,920.5210019,431.7544656,94.67266912,438.5460744,378.975313,80.26163323,80.63701569,85.62146384,87.41701372,89.14250238,81.3393906,79.12316834,90.74873947,175.781252,143.5838409,99.02698255,185.8732594,97.53713512,280.133686,117.572323,322.9985226,97.76594858,103.3757109,229.9581192,226.8173983,226.4309608,124.0750634,271.3409091,139.2064003
ARI1,71.12722495,9.248460403,2203.713169,164.3605363,37.84310997,11.52502204,110.8391306,1798.5793,8.935950288,133.2406348,1958.441244,1984.933128,1956.227394,1876.549616,1675.837632,1795.107692,1915.894294,1646.415655,44.38870675,11.86723071,1753.400503,14.04601333,1044.651509,5.355107341,849.3318129,21.5471229,1020.226453,617.0535509,383.7588141,292.8567011,330.8940372,868.6527328,243.6297273,128.568868
ARI2,131.5984304,30.43151094,3674.421269,240.7551531,52.40039213,35.43593676,188.179248,3154.380068,20.88927795,262.3812733,3199.879871,3188.144858,3216.543473,3051.035145,2814.534387,3018.337771,3211.572569,2823.275918,65.36083772,17.71930117,2899.448078,27.27513154,1792.59351,8.928499968,1281.823028,46.91502754,1768.996822,994.7425501,644.8363482,503.3003867,552.7218305,1320.04889,585.5129456,190.4036786
ARI3,374.7834269,125.3256283,6273.942491,332.1582963,71.9700537,65.52719472,415.4350827,5726.947282,47.16554567,615.6389855,5535.025283,5486.770816,5621.466785,5306.750124,4947.545031,4905.304806,5185.3178,4661.568136,98.41544629,24.08309344,5255.179587,69.67994267,3243.353362,25.92037524,2445.709282,149.4880957,3075.370633,1774.601298,1239.703322,953.5239443,1255.061786,2442.489579,1197.189542,280.9193696
ARI4,668.4263579,214.9919436,8342.197285,408.7475486,92.15685765,95.79902879,718.7693001,8061.219508,83.04511854,901.4666248,7437.951822,7477.199712,7569.096901,7266.705602,6560.576388,6554.356256,6933.074605,6273.731994,131.4424364,29.00328808,7567.179935,110.4830556,4370.474608,38.02601061,4274.216603,229.392346,3896.385209,3005.534537,2224.323745,1738.081342,1870.149316,4323.23954,1533.254404,378.4510139
ARI5,740.922554,248.1199891,9571.085909,470.6323236,101.8393783,110.9812288,868.143745,8692.110228,109.6378638,1126.416115,8890.321331,8933.705014,8954.019018,8703.350873,7946.784798,7788.203808,8259.603145,7482.950684,155.0427133,38.74628721,8554.081754,121.8524262,5180.692762,48.28284431,4779.241214,294.508858,5398.061079,3290.851627,2517.95715,2022.861929,2705.697159,5178.479439,1710.705068,442.6210308
ARI6,765.3311718,256.4749311,10248.44171,488.9394754,111.6890312,117.6082231,885.1001858,9878.475426,127.7843025,1206.71854,9238.730322,9274.836703,9460.465421,9040.031159,8201.713333,8153.629272,8560.187967,7841.85801,176.8681809,49.44836742,9956.222249,145.4963505,6306.998642,57.65344751,5497.901456,370.44842,6146.573308,3656.841589,3085.664753,2321.878001,2983.001193,5687.711576,2005.563509,452.916684
skewAnMaxQ,2.274631111,2.273014803,1.7290593,2.342867918,2.163399115,4.878338331,4.043067368,1.735476339,2.865848827,3.753233827,1.727610215,1.73032732,1.716074388,1.749750597,1.800959532,1.752215052,1.766270953,1.78536307,3.284034206,2.799989067,1.69614843,2.116829397,1.551994948,2.853059375,1.910365643,2.530348934,1.528176461,1.771906853,2.241045062,2.080416093,2.125063346,1.861839168,3.23238488,1.582054301
meanAnSpell75.Exceed,143.2857143,227.031746,91.30952381,91.30952381,91.30952381,245.515873,280.1428571,91.30952381,249.0873016,222.6587302,139.7698413,195.5,213.1825397,232.8412698,152.5873016,252.4920635,199.9047619,277.5714286,114.015873,121.9285714,91.30952381,195.7619048,91.30952381,208.1269841,91.30952381,163.5873016,91.30952381,91.30952381,144.9285714,154.3888889,91.30952381,91.30952381,91.30952381,200.1428571
meanAnSpell90.Exceed,143.2857143,227.031746,36.52380952,42.3968254,48.07142857,245.515873,280.1428571,36.52380952,249.0873016,222.6587302,139.7698413,195.5,213.1825397,232.8412698,152.5873016,252.4920635,199.9047619,277.5714286,114.015873,121.9285714,36.52380952,195.7619048,36.52380952,208.1269841,36.52380952,163.5873016,36.52380952,36.52380952,144.9285714,154.3888889,79.76190476,36.52380952,36.52380952,200.1428571
meanAnSpell99.Exceed,143.2857143,227.031746,3.658730159,42.3968254,48.07142857,245.515873,280.1428571,3.658730159,249.0873016,222.6587302,139.7698413,195.5,213.1825397,232.8412698,152.5873016,252.4920635,199.9047619,277.5714286,114.015873,121.9285714,3.658730159,195.7619048,3.658730159,208.1269841,3.658730159,163.5873016,3.658730159,3.658730159,144.9285714,154.3888889,79.76190476,3.658730159,11.22222222,200.1428571
cvAnSpell75.Exceed,0.255135075,0.180283054,0.479813025,0.456324431,0.473814131,0.085309264,0.131536588,0.477296682,0.087773316,0.148349981,0.310166947,0.208949998,0.180019206,0.158324086,0.42386933,0.13233568,0.271782455,0.110489263,0.906855634,0.893507028,0.482519118,0.163588252,0.455825811,0.147757999,0.543525982,0.211516014,0.483123268,0.479857018,0.259012318,0.251639035,0.442135377,0.55618462,0.623547426,0.148997181
cvAnSpell90.Exceed,0.255135075,0.180283054,0.825640071,0.75033843,0.711989396,0.085309264,0.131536588,0.862243099,0.087773316,0.148349981,0.310166947,0.208949998,0.180019206,0.158324086,0.42386933,0.13233568,0.271782455,0.110489263,0.906855634,0.893507028,0.882583548,0.163588252,1.030808578,0.147757999,0.958048771,0.211516014,1.11923406,0.799333808,0.259012318,0.251639035,0.477075807,0.991486464,1.468408933,0.148997181
cvAnSpell99.Exceed,0.255135075,0.180283054,2.349947965,0.75033843,0.711989396,0.085309264,0.131536588,2.491891838,0.087773316,0.148349981,0.310166947,0.208949998,0.180019206,0.158324086,0.42386933,0.13233568,0.271782455,0.110489263,0.906855634,0.893507028,2.558863233,0.163588252,4.304113643,0.147757999,2.578870423,0.211516014,4.290206187,2.442476953,0.259012318,0.251639035,0.477075807,2.718974754,3.620864935,0.148997181
meanAnSpell25.Exceed,91.30952381,91.30952381,91.30952381,91.30952381,91.30952381,91.30952381,85.0952381,91.30952381,91.30952381,91.30952381,91.30952381,91.30952381,91.30952381,91.30952381,91.30952381,91.30952381,91.30952381,87.66666667,91.30952381,91.30952381,91.30952381,91.30952381,91.30952381,91.30952381,91.30952381,91.30952381,91.30952381,91.30952381,91.30952381,91.30952381,91.30952381,91.30952381,91.30952381,91.30952381
meanAnSpell10.Exceed,36.52380952,36.52380952,36.52380952,36.52380952,36.52380952,36.52380952,36.52380952,36.52380952,36.52380952,36.52380952,36.52380952,36.52380952,36.52380952,36.52380952,36.52380952,36.52380952,36.52380952,36.52380952,36.52380952,36.52380952,36.52380952,36.52380952,36.52380952,36.52380952,36.52380952,36.52380952,36.52380952,36.52380952,36.52380952,36.52380952,36.52380952,36.52380952,36.52380952,36.52380952
meanAnSpell1.Exceed,3.658730159,3.658730159,3.658730159,3.658730159,3.658730159,3.658730159,3.658730159,3.658730159,3.658730159,3.658730159,3.658730159,3.658730159,3.658730159,3.658730159,3.658730159,3.658730159,3.658730159,3.658730159,3.658730159,3.658730159,3.658730159,3.658730159,3.658730159,3.658730159,3.658730159,3.658730159,3.658730159,3.658730159,3.658730159,3.658730159,3.658730159,3.658730159,3.658730159,3.658730159
cvAnSpell25.Exceed,0.289893613,0.274871164,0.332525345,0.377670209,0.371760143,0.217229322,0.432769284,0.343301508,0.233649951,0.38169601,0.335664467,0.336475328,0.336272796,0.336475328,0.348959483,0.341516451,0.34745215,0.349340071,0.383931821,0.411701037,0.344122258,0.254293981,0.34967367,0.244365018,0.35998211,0.262595582,0.354074897,0.357886266,0.301121911,0.304203433,0.328150888,0.359955455,0.475816788,0.266955174
cvAnSpell10.Exceed,0.536521287,0.447975375,0.630841482,0.681950143,0.670438401,0.466996128,0.630632305,0.614594923,0.472726915,0.63638787,0.640277346,0.644255049,0.640726772,0.644255049,0.65113454,0.658934872,0.659216947,0.658761928,0.532774869,0.531128912,0.618873433,0.510247596,0.643137058,0.509235816,0.576188682,0.510975776,0.638091258,0.574531405,0.494138201,0.499569724,0.570519582,0.577581689,0.768558555,0.463490007
cvAnSpell1.Exceed,1.118225075,1.297346633,1.652677727,1.710255647,1.722789432,1.393728028,1.441782391,1.580591556,1.489088854,1.501478739,1.678867777,1.700794695,1.68880551,1.700794695,1.697277255,1.80875572,1.745191898,1.80875572,1.435134991,1.122492462,1.571871142,1.808425283,1.734199158,1.808094785,1.358551604,1.583990824,1.691987385,1.28252105,1.167382088,1.142021727,1.311549113,1.313825457,1.815022597,1.075731248
meanAnSpell3x,24.51587302,17.71428571,27.49206349,33.32539683,34.3968254,10.49206349,23.91269841,25.50793651,11.34126984,21.42857143,27.1031746,27.51587302,27.19047619,27.03174603,26.67460317,27.44444444,27.67460317,26.52380952,31.74603175,32.65873016,26.03174603,21.35714286,25.3015873,21.27777778,25.47619048,19.79365079,25.43650794,26.87301587,22.00793651,21.6984127,20.02380952,25.46031746,23.54761905,24.15079365
meanAnSpell7x,12.67460317,6.952380952,12.54761905,13.38095238,13.26190476,8.126984127,12.5952381,12.53174603,8.484126984,11.44444444,13.11904762,13.47619048,13.49206349,13.73809524,13.21428571,14.0952381,13.78571429,14.22222222,13.42857143,14.34126984,12.35714286,10.07936508,12.17460317,10.42857143,11.88095238,9.317460317,12.34920635,12.07936508,11.95238095,11.92063492,11.0952381,11.92063492,10.38095238,14.01587302
meanAnMinMov1,0,0,0.172659456,0.000335627,9.83E-05,0,0,0.129270268,0,0,0,0,0,0,0.002416472,0,0,0,0,0,0.119175534,0,0.011847304,0,0.087035741,0,0.009716585,0.016654715,0,0,1.41E-05,0.085570549,0.001799697,0
cvAnMinMov1,0,0,2.420380401,6.484629748,8.285386498,0,0,2.384931895,0,0,0,0,0,0,11.22497216,0,0,0,0,0,2.535100717,0,1.747642248,0,3.177383926,0,1.604927183,5.302522658,0,0,8.065140437,3.217699422,2.466439823,0
meanAnMinMov3,0,0,0.186302288,0.000404716,0.000118785,0,0,0.149829656,0,0,0,0,0,0,0.003143859,0,0,0,5.18E-05,5.92E-06,0.128538501,0,0.014140656,0,0.094051957,0,0.012136706,0.019673193,0,0,5.29E-05,0.089530986,0.003629505,0
cvAnMinMov3,0,0,2.297128285,5.763482387,7.328191676,0,0,2.405484958,0,0,0,0,0,0,10.40773036,0,0,0,5.095847402,6.073680685,2.418379992,0,1.60023553,0,3.100363599,0,1.616025774,4.813183281,0,0,5.39567431,3.152504472,1.776046187,0
meanAnMinMov7,0,0,0.212896101,0.000703309,0.000192686,0,0,0.176722886,0,0,0,0,0,0,0.004924268,0,0,0,0.00022808,3.06E-05,0.169229734,0,0.023072849,0,0.107488882,0,0.019224276,0.02748194,0,0,0.00020441,0.104464549,0.008983241,0
cvAnMinMov7,0,0,2.160102394,4.210733964,5.336544801,0,0,2.286365552,0,0,0,0,0,0,8.396990222,0,0,0,2.77885323,2.749726517,2.391776152,0,1.678485751,0,2.831721918,0,1.489920172,4.650777682,0,0,3.141358964,2.905157148,1.663784552,0
meanAnMinMov30,0.00017968,1.21E-06,0.495727983,0.007494654,0.001617183,0,0,0.355451701,1.23E-06,1.23E-07,0.036421941,0.010430786,0.00349022,0,0.027228598,0,0.001907373,0,0.001590253,0.00040338,0.339728938,2.81E-06,0.090492552,0,0.209881561,8.56E-06,0.086229842,0.091742142,0.000702553,0.000554268,0.005175274,0.20637999,0.034156223,1.83E-05
cvAnMinMov30,2.977565702,6.596188318,2.130410614,2.900033965,2.523517568,0,0,1.978747932,11.11998691,11.22497216,10.53262574,11.22497216,11.22497216,0,5.547865624,0,11.22497216,0,1.964536733,2.490179712,1.89865144,7.19325434,1.555672305,0,2.48843986,7.520879419,1.584075562,3.154729468,5.897010456,6.106504224,4.175916746,2.506438889,1.232505454,6.766624636
meanAnMinMov90,0.011331526,0.001997926,1.954060578,0.082524763,0.018576706,0.000307704,0.002257263,1.068826312,0.000289953,0.004662784,0.495295997,0.273986437,0.208167891,0.146119579,0.290851751,0.097017158,0.242412054,0.028278658,0.027538114,0.006307558,1.00232498,0.001393771,0.342796144,0.000704556,0.583838575,0.003975301,0.308250493,0.420264754,0.043199925,0.031548775,0.047256911,0.568347028,0.077748276,0.00883837
cvAnMinMov90,2.190326285,2.547789864,2.495185263,2.370544607,2.826765351,2.464850116,6.621375454,2.095257625,2.898258159,5.655810994,6.157831917,8.957404042,9.654549707,10.43749582,6.217818403,8.985194563,7.694652786,8.205678718,2.168772602,1.805742665,1.835160673,5.073110144,1.445081393,5.248144672,2.035151391,2.851704732,1.360599382,2.39215525,3.471443901,3.571690122,2.587713302,2.034409192,0.970480841,4.042521356
lowQDuration75,7.099551474,8.947131812,15.17750647,8.039301746,8.075868937,8.750543158,27.26750776,22.61113336,8.121161053,12.36565025,36.10748958,51.64910851,54.02930188,59.98586753,27.8713919,68.46918639,30.8560214,79.78914272,4.438673404,5.370510164,19.59601852,11.23467472,12.69086066,10.80370473,18.33902484,13.75719327,8.460044188,13.57329369,7.22090974,7.836044235,5.456053441,16.37854746,5.768293826,8.859957822
lowQDuration90,7.099551474,8.947131812,11.85860629,5.128451363,5.487080832,8.750543158,27.26750776,13.41014851,8.121161053,12.36565025,36.10748958,51.64910851,54.02930188,59.98586753,27.8713919,68.46918639,30.8560214,79.78914272,4.438673404,5.370510164,11.56483886,11.23467472,7.210791524,10.80370473,10.54097711,13.75719327,5.523774349,8.502653676,7.22090974,7.836044235,5.156473059,9.095187053,2.9014801,8.859957822
lowQDuration99,7.099551474,8.947131812,6.19,5.128451363,5.487080832,8.750543158,27.26750776,6.506321839,8.121161053,12.36565025,36.10748958,51.64910851,54.02930188,59.98586753,27.8713919,68.46918639,30.8560214,79.78914272,4.438673404,5.370510164,5.583333333,11.23467472,5.66875,10.80370473,6.782051282,13.75719327,5.998278943,3.856919007,7.22090974,7.836044235,5.156473059,4.824074074,2.630370781,8.859957822
CVlowQDuration75,0.317710603,0.306680204,0.440383295,0.502832313,0.50668695,0.254585668,0.510611043,0.544197802,0.247982683,0.33265014,0.632495343,0.67088964,0.666600588,0.704142228,0.808299148,0.840700613,0.618687502,0.821269247,0.554807044,0.588320719,0.524437212,0.301186101,0.470866929,0.308586456,0.593095951,0.329229277,0.470002612,0.536817236,0.285599637,0.297659906,0.395172501,0.607641731,0.498897137,0.257234214
CVlowQDuration90,0.317710603,0.306680204,0.678669016,0.538389569,0.591388974,0.254585668,0.510611043,0.602138355,0.247982683,0.33265014,0.632495343,0.67088964,0.666600588,0.704142228,0.808299148,0.840700613,0.618687502,0.821269247,0.554807044,0.588320719,0.61417013,0.301186101,0.54916396,0.308586456,0.683630401,0.329229277,0.538220124,0.540981011,0.285599637,0.297659906,0.434617056,0.592535737,0.737350381,0.257234214
CVlowQDuration99,0.317710603,0.306680204,0.621344844,0.538389569,0.591388974,0.254585668,0.510611043,0.562436141,0.247982683,0.33265014,0.632495343,0.67088964,0.666600588,0.704142228,0.808299148,0.840700613,0.618687502,0.821269247,0.554807044,0.588320719,0.578992362,0.301186101,0.563134582,0.308586456,0.652109644,0.329229277,0.382408829,0.644647197,0.285599637,0.297659906,0.434617056,0.657728323,0.711104809,0.257234214
meanAnZeroFlowDays,143.2857143,227.031746,0.007936508,42.3968254,48.07142857,245.515873,280.1428571,0.007936508,249.0873016,222.6587302,139.7698413,195.5,213.1825397,232.8412698,152.5873016,252.4920635,199.9047619,277.5714286,114.015873,121.9285714,0,195.7619048,0.873015873,208.1269841,0,163.5873016,0.357142857,0,144.9285714,154.3888889,79.76190476,0,11.22222222,200.1428571
cvAnZeroFlowDays,0.255135075,0.180283054,11.22497216,0.75033843,0.711989396,0.085309264,0.131536588,11.22497216,0.087773316,0.148349981,0.310166947,0.208949998,0.180019206,0.158324086,0.42386933,0.13233568,0.271782455,0.110489263,0.906855634,0.893507028,NA,0.163588252,5.244098832,0.147757999,NA,0.211516014,6.056956331,NA,0.259012318,0.251639035,0.477075807,NA,3.620864935,0.148997181
meanAnMaxMov1,218.3306159,60.26031592,3661.933737,220.7914518,47.98766479,38.06823768,254.834802,3356.389298,27.08811421,326.1729417,3223.567631,3219.702013,3255.961508,3094.617145,2770.095138,2750.373677,2958.882817,2585.496939,69.31472562,18.07323043,3115.489932,35.28874403,1837.932254,13.23288298,1556.347854,72.17115664,1766.646888,1119.373468,823.0041497,610.6990525,737.5800333,1603.886719,626.2643806,193.8281095
cvAnMaxMov1,1.24674777,1.489428376,0.878165133,0.721312211,0.714028402,1.715282411,1.407572697,0.937158377,1.471532919,1.377670849,0.931512494,0.938472844,0.939248216,0.957838578,0.979115786,0.980438662,0.951697418,1.01301126,0.77325204,0.745319534,0.944753275,1.334815704,0.968988664,1.483012642,0.977465817,1.462888587,0.941692085,0.912022857,1.101981697,1.091389183,1.124302346,0.974426007,1.360489127,0.680239908
meanAnMaxMov3,144.7605542,32.91905515,3486.739536,168.0119342,37.06665007,27.95642792,211.4391671,3203.302207,23.0134776,290.2460842,3122.488608,3125.322961,3147.920155,3002.301153,2680.501353,2678.936079,2864.968813,2515.178215,44.00147238,10.6832766,2933.802068,31.26091649,1710.04888,11.66911395,1421.714375,60.39017776,1585.006113,994.9091969,637.3638099,470.9271991,597.5790464,1418.24931,511.2915267,158.8975379
cvAnMaxMov3,1.108312291,1.404878811,0.902543724,0.760981662,0.739436783,1.335237154,1.322461611,0.939722767,1.471687886,1.335430802,0.938083824,0.943484425,0.94692529,0.963176743,0.988147791,0.990064396,0.967413846,1.024135991,0.884910708,0.756105034,0.943929899,1.371222417,0.97334549,1.519374165,0.970095074,1.43255109,0.950333126,0.888656694,1.036189424,1.029040664,1.095143423,0.958763171,1.210451785,0.659690705
meanAnMaxMov7,95.18536062,18.06260901,3081.480403,133.03202,29.64168401,17.23504975,141.1667513,2744.180221,15.71240065,206.2653278,2783.748189,2803.603388,2796.430988,2687.460632,2394.095769,2461.735699,2608.849899,2304.623998,30.26235022,6.931786484,2374.122264,23.76020926,1373.726655,8.84256971,1077.277327,41.08055169,1232.317586,732.7528478,414.7681047,306.0466035,392.7031354,1031.412119,361.5931515,105.1388026
cvAnMaxMov7,0.973435295,1.3006738,0.915078175,0.735702339,0.716084825,1.268907412,1.198552386,0.95379407,1.461812448,1.247210998,0.948284071,0.949180661,0.96105233,0.970082319,0.996010214,0.9917856,0.970014794,1.027665994,1.07473392,0.782526118,0.938280067,1.363430817,0.970972023,1.509452207,0.951701246,1.381806741,0.946266177,0.857299535,1.028819493,1.031684281,1.102961397,0.93511678,1.135595005,0.706026362
meanAnMaxMov30,40.01534473,6.371454818,1594.032132,79.19784326,17.93265498,6.071053294,56.86478586,1307.999092,5.612311441,82.41061137,1432.591413,1469.001278,1425.977931,1388.851037,1227.592829,1345.095537,1410.951822,1233.152456,15.44110217,3.535892957,1125.655971,9.976403665,658.4190092,3.62378545,486.1975195,16.12614722,591.1571389,336.6020889,162.7839378,120.7416899,157.357861,462.5198784,163.8370785,40.6292818
cvAnMaxMov30,0.8002262,1.19495788,0.868925082,0.736172128,0.705549151,1.382169044,1.198995838,0.923234757,1.399893747,1.223471419,0.91267887,0.918987056,0.930603537,0.945895701,0.963523553,0.972712404,0.940130865,1.018929665,1.100890338,0.758822311,0.895282833,1.329035178,0.936004424,1.401767596,0.885996553,1.314223662,0.900437457,0.791300176,0.944814401,0.953886115,1.057581222,0.863030811,1.004914504,0.713811552
meanAnMaxMov90,19.75841321,3.043610058,865.4119439,48.51301517,11.11466287,3.08083538,28.21585533,686.4984945,2.631046042,40.65812451,763.1487181,781.3790095,751.116007,729.1297664,643.1474284,701.6417234,744.5131212,632.2346533,9.051702414,2.114110176,593.3568674,5.181273104,349.5689414,1.732131942,249.7849585,7.877832854,315.3521786,175.7312274,78.930953,58.39962882,77.86539208,237.4886397,89.37444235,20.02256908
cvAnMaxMov90,0.621872196,0.949909144,0.71475579,0.667952658,0.618503851,1.104127133,1.02209064,0.743879818,1.217494365,1.034930192,0.757558309,0.766973217,0.778917788,0.794264095,0.804786143,0.824920695,0.792123624,0.868163652,0.899429384,0.629095894,0.71284307,1.045053563,0.776527615,1.130501249,0.688020845,1.060579089,0.758914925,0.622023764,0.752995142,0.75857144,0.809661481,0.670321546,0.886719849,0.613869213
highQduration25,6.06934512,4.019910021,15.41678162,8.824955394,9.495047722,3.562608433,8.266712074,29.90207304,3.655242149,10.99543418,26.70916453,25.93263903,26.36558327,25.93263903,22.50238853,27.06105299,21.21817817,23.93768152,4.893012668,4.869836421,26.74345238,6.798055955,19.86470996,5.707353904,19.88076456,7.666859307,11.53381358,11.72196463,6.41719138,6.100553271,7.504071838,15.35543702,68.21372549,5.214756019
highQduration10,9.244814719,2.620576543,14.33737902,7.345508372,8.200239917,2.896879831,7.713866843,17.32281421,3.169504426,10.2659486,19.61022409,20.23917379,19.66764706,20.23917379,19.92215496,22.38612836,20.28187603,21.90823071,2.989540737,2.832644649,17.11332943,7.530903708,18.51111111,6.358375135,12.4904195,5.947090321,15.05949757,9.094432419,7.454312376,7.137361616,8.637493987,11.18215545,21.3420977,6.206721695
highQduration01,3.661458333,3.098166023,7.776595745,3.149693878,3.366708126,3.753482587,4.306716418,7.343333333,4.20952381,5.005376344,8.170289855,8.852272727,8.050724638,8.852272727,8.462962963,9.585365854,8.696969697,9.585365854,1.852488095,1.608616219,6.13836478,7.667916667,5.751602564,5.190384615,4.570048309,4.966101695,4.928362573,4.363013699,3.231168831,3.064345992,3.319480519,4.237268519,4.600853549,2.932758621
cvHighQduration25,0.448475067,0.453708319,0.790045804,0.67234572,0.758212063,0.359516247,0.737215481,0.724650253,0.427131632,0.661834869,0.663540029,0.67716006,0.676074789,0.67716006,0.995208199,0.838198097,0.794609207,0.760819822,0.607379268,0.621002623,0.81897895,0.460006083,0.867515776,0.475510142,0.643074873,0.435832173,0.877683882,0.590772344,0.44289694,0.417786207,0.570462012,0.603386024,0.641267868,0.353271525
cvHighQduration10,0.896864424,0.465693047,0.963043774,1.256881244,1.337736123,0.639853285,0.592720394,0.72646265,0.55892273,0.665725428,0.812867591,0.798984641,0.815606539,0.798984641,0.822668631,0.780668464,0.791671842,0.792172992,0.754270164,0.702152189,0.760373636,0.697264752,0.898738287,0.672710801,0.693875881,0.913940604,0.838112956,0.639159609,0.60377255,0.511952407,0.871523418,0.643040465,0.907411689,0.464936733
cvHighQduration01,0.498826471,0.573484436,0.50906162,0.867782996,1.065185865,0.506606285,0.617789719,0.487179328,0.610535243,0.578773986,0.491962048,0.500115846,0.504550778,0.500115846,0.529101142,0.521224398,0.571310595,0.521224398,1.04388029,0.757314576,0.549488249,0.580953287,0.610508024,0.782560834,0.569751968,0.588323725,0.703888584,0.554642313,0.509046023,0.530689361,0.601112982,0.569180585,0.576198626,0.503037027
predictabilityMeanQ,0.723869778,0.758851917,0.712692046,0.689615722,0.693746047,0.855676964,0.711524097,0.724034149,0.825163772,0.723820558,0.721968987,0.724186795,0.730023222,0.735726132,0.738790795,0.746131405,0.737016506,0.756476841,0.69316784,0.689642208,0.725102111,0.743651046,0.743042509,0.750757798,0.70116543,0.744732689,0.743594056,0.692714313,0.705531715,0.70749437,0.729084929,0.700832455,0.74286299,0.702456022
constancyMeanQ,0.626609061,0.658781588,0.588885959,0.566378832,0.565680977,0.806510266,0.626646868,0.60657361,0.777955555,0.643503019,0.608212701,0.611560015,0.620890793,0.627967779,0.63132722,0.645359185,0.631386325,0.663410173,0.54047219,0.537512475,0.60532046,0.650685539,0.629367413,0.657759508,0.591927476,0.652447909,0.631519144,0.577135356,0.618045724,0.62188018,0.629159886,0.590763744,0.62618097,0.613944105
seasonalityMeanQ,0.134362173,0.131870693,0.173716106,0.178703713,0.18459935,0.057459414,0.119289324,0.162230662,0.057210724,0.11096333,0.157563951,0.155521726,0.149491721,0.146465306,0.145458736,0.135059615,0.143321324,0.123026461,0.220286691,0.220592259,0.165192803,0.125012272,0.152985993,0.123872559,0.155794838,0.12391665,0.15072056,0.166849385,0.124000083,0.121010419,0.137055423,0.157054242,0.157070714,0.126003499
perenniality,3.733163956,2.693720702,3.841298304,4.896736425,5.222216028,0.959657876,4.18627403,3.338280302,2.206273136,3.506636122,2.847814846,2.391677172,2.232335625,1.983489691,2.255451845,1.60791176,2.029722837,1.30916373,5.573109323,6.039954236,3.571575693,2.75439648,2.335203101,2.320794039,5.247001755,2.886221093,2.285938589,6.072758231,5.663362102,5.717584832,3.195921178,5.396228288,1.557503927,6.723595741
JDayAnMin,221,263,249,249,249,249,242,249,253,249,251,250,273,250,253,250,274,223,253,268,247,249,246,273,247,245,245,247,244,249,247,247,278,247
sdJDayAnMin,139.9210378,248.0367036,54.31982011,142.1577483,153.0198141,240.3406973,235.2438114,59.41687538,245.0425619,227.7660489,114.8189742,172.1520646,209.3209922,203.4525802,153.8852644,218.5615674,210.2017738,206.2446536,230.8803889,242.8412506,66.78352853,192.7123648,78.30749321,227.6014164,72.62083526,180.4073213,89.69485307,80.88037414,161.6238038,177.5885873,147.3825063,77.47298556,161.0664607,212.9882253
predictabilityMinQ,0.957575457,0.992345813,0.895811553,0.875801777,0.875035399,0.992879167,0.96020396,0.920156512,0.996782726,0.959841084,0.898916198,0.905903122,0.909287857,0.915878511,0.907791391,0.916489255,0.908742953,0.928462614,0.921967897,0.924439304,0.91445523,0.978463476,0.918939599,0.976490646,0.92289323,0.97847497,0.918813106,0.917360849,0.982990861,0.981766791,0.964283007,0.924895567,0.874513434,0.991655097
seasonalityMinQ,0.016902678,0.00254717,0.050041808,0.055855737,0.058004286,0.002843233,0.012974321,0.037969199,0.000993414,0.014896648,0.049922132,0.044795242,0.042223073,0.04041931,0.042114963,0.03764252,0.040712413,0.03366308,0.034172009,0.030682154,0.04019419,0.008461528,0.037540666,0.007918796,0.039073896,0.007062628,0.037738013,0.041644206,0.00734914,0.007505106,0.01658494,0.036328542,0.06646959,0.003229881
JDayAnMax,51,69,56,53,53,53,53,56,25,54,58,58,59,58,61,59,59,59,29,30,54,53,53,54,53,54,53,52,51,51,51,52,41,51
sdJDayAnMax,34.18205228,50.29279351,32.50824071,39.14553635,43.35201063,35.17755417,47.38595331,34.71631061,46.39333217,48.49734079,33.12266763,34.65956887,33.50787635,34.65956887,33.32202189,33.86082627,33.94790594,33.86082627,45.8789816,43.57578693,33.02884742,36.49842354,31.99330287,36.74223814,36.78509015,41.11009222,33.7481334,42.62563131,48.46132479,47.60060357,38.21794227,39.43218007,30.47286068,49.53842504
predictabilityMaxQ,0.483004325,0.465968321,0.552335657,0.494044589,0.499961138,0.641141898,0.524905022,0.586673769,0.618084733,0.558716779,0.587314229,0.596762384,0.596440418,0.604979088,0.601270967,0.626467457,0.603269837,0.637896581,0.43584778,0.422553927,0.58747474,0.537144864,0.611422586,0.525853744,0.545282323,0.516977881,0.57600071,0.498182823,0.482703105,0.477682704,0.528820906,0.529197821,0.654718704,0.496607151
seasonalityMaxQ,0.335762814,0.343407646,0.301922597,0.349851469,0.356162428,0.207219656,0.248716855,0.245372219,0.181240857,0.208274277,0.260037061,0.256801129,0.251759652,0.239739303,0.241867606,0.22170077,0.249217687,0.201604742,0.402100878,0.397738564,0.267595021,0.29995151,0.250753113,0.319404427,0.273216139,0.313561931,0.282520193,0.325026797,0.296139623,0.287664273,0.29836031,0.290220487,0.235297005,0.277439863
riseRate,5.190787692,1.916965681,67.25847512,11.78444871,2.982421327,0.895501089,15.84690417,49.99601862,0.647849541,8.545458947,64.71924074,86.50832823,85.89826714,98.42890202,59.25522367,92.2747732,73.78305046,103.2085952,4.061998803,1.299496429,53.73988059,1.148651187,36.39875261,0.428814024,31.80067754,2.140223755,42.87371825,33.86171213,21.48727123,16.65381726,18.44444126,36.63394063,15.31970369,6.788584425
cvRise,5.839231261,6.721556343,2.933886921,2.295276988,2.066931602,8.196333617,3.536237803,3.769652795,6.276780157,4.700403684,2.685556469,2.306102357,2.312364864,2.145403565,2.609936589,1.918176073,2.262612677,1.804254684,2.439161612,2.295784704,3.590845682,4.097226366,3.660332698,4.549451404,3.633567877,5.166125124,3.530292621,3.086731143,4.592932016,4.53106658,4.770210259,3.649233767,5.96508928,3.282869868
fallRate,2.438830745,1.208355606,28.32734601,2.975442264,0.67825796,0.77279446,7.685854336,20.52143323,0.516757923,5.958787212,33.03735947,43.24589914,51.55950809,52.90584193,30.72880537,55.31796507,44.37566448,65.77189887,1.628705055,0.433915371,19.22269104,0.583274424,11.12569002,0.240636933,10.24888415,0.91073247,12.14536208,8.364185413,10.86407237,8.426004931,6.87109167,11.13695218,3.602715973,4.087621223
cvFall,8.587372666,7.812689483,3.76076662,3.452840797,3.403628773,7.87902852,3.716015779,4.976666135,4.781860685,4.519080754,3.409103205,2.857206636,2.756160982,2.573501369,3.360395078,2.166518727,2.578907836,1.978826378,3.511504341,3.731208911,5.081050969,3.350689891,5.035988189,3.3510907,5.727091788,5.60409687,4.73251663,5.119565992,5.546217022,5.476475959,6.364719574,5.767206179,9.340663183,2.994440629
revPerYear,108.2857143,91.95238095,94.68253968,93.68253968,87.3015873,94.26984127,38.33333333,55.23809524,92.76190476,63.20634921,46.76190476,41.95238095,37.71428571,33.80952381,63.73809524,34.29365079,60.02380952,26.30952381,109,94.03174603,54.3968254,87.68253968,74.73015873,89.3015873,58.84126984,80,103.1269841,88.46031746,106.0793651,101.6825397,109.1111111,69.66666667,85.6984127,95.14285714
cvRev,0.126324121,0.166846078,0.153021069,0.155986669,0.18475735,0.16268114,0.287969753,0.173512705,0.157267679,0.188183844,0.195387175,0.217022212,0.233112843,0.255415458,0.230328451,0.305142999,0.305961105,0.347144433,0.160018516,0.153416829,0.164032569,0.175243037,0.173265396,0.164211968,0.155989068,0.16470428,0.171678457,0.140282659,0.122614148,0.130182738,0.140967704,0.156757978,0.228181027,0.135331722
catchmentArea,86222.55012,29395.30571,7662922.774,209536.6632,42578.62928,72621.10072,944466.8823,6527838.897,44122.69703,1141750.98,8160505.117,8160505.117,8160505.117,8160505.117,9407109.289,9407109.289,9407109.289,9407109.289,518493.9788,133164.3316,4550644.151,46953.46141,1818732.026,23752.89945,2135793.203,115448.6414,1713063.471,1241240.908,763071.7719,555788.1061,511552.6881,1871522.291,509460.2326,343682.7662
