,9190000,9190001,9190010,9190020,9190030,9190031,9190040,9190050,9190060,9190061,9190070,9190080,9190090,9190091,9190092,9190093,9190110,9190111,9190120,9190130,9190140,9192010,9192020,9192030,9192031,9192040,9192050,9193050,9193090,9193091,9193092,9193100,9193101,9193102,9193110,9193120,9193121
returnPeriodBankfullQ,1.58,1.58,1.58,1.58,1.58,1.58,1.58,1.58,1.58,1.58,1.58,1.58,1.58,1.58,1.58,1.58,1.58,1.58,1.58,1.58,1.58,1.58,1.58,1.58,1.58,1.58,1.58,1.58,1.58,1.58,1.58,1.58,1.58,1.58,1.58,1.58,1.58
meanAnIndFloodDuration,0.009403922,0.00617972,0.005030005,0.005030005,0.009012092,0.008318854,0.006759069,0.006977104,0.008318854,0.006361477,0.005691848,0.008651608,0.012016123,0.009831373,0.014419347,0.010814511,0.009831373,0.009012092,0.004414086,0.004159427,0.007209674,0.007458283,0.008010749,0.008651608,0.008318854,0.009831373,0.004915687,0.009012092,0.009403922,0.007458283,0.009403922,0.009012092,0.008651608,0.007458283,0.006759069,0.005407255,0.005407255
cvAnIndFloodDuration,0.774402952,0.777401197,0.627724375,0.750555197,0.510549281,0.538628047,0.642395257,0.623242602,0.787020163,0.858935544,0.574408732,0.63079816,0.507314752,0.629538935,0.847520786,0.664628339,0.541218106,0.533607513,0.453257657,0.604266136,0.626638491,0.595936216,0.628239819,0.545675829,0.513930286,0.527394815,0.607509071,0.597466489,0.560884296,0.527387581,0.581126594,0.502628191,0.582656729,0.664655982,0.658667441,0.465578588,0.5189913
meanAnIndOverbankFloodDuration,0.184009055,0.280013779,0.344016928,0.344016928,0.192009448,0.208010236,0.256012598,0.248012204,0.208010236,0.272013385,0.30401496,0.200009842,0.144007086,0.176008661,0.120005905,0.160007874,0.176008661,0.192009448,0.39201929,0.416020471,0.24001181,0.232011417,0.216010629,0.200009842,0.208010236,0.176008661,0.352017322,0.192009448,0.184009055,0.232011417,0.184009055,0.192009448,0.200009842,0.232011417,0.256012598,0.320015747,0.320015747
returnPeriodIndBankfullQ,5.199064568,3.466043045,2.835853401,2.835853401,4.991101985,4.621390727,3.781137867,3.899298426,4.621390727,3.565072846,3.199424349,4.799136524,6.567239454,5.425110853,7.798596851,5.941788077,5.425110853,4.991101985,2.495550992,2.354293389,4.025082246,4.159251654,4.456341058,4.799136524,4.621390727,5.425110853,2.772834436,4.991101985,5.199064568,4.159251654,5.199064568,4.991101985,4.799136524,4.159251654,3.781137867,3.043354869,3.043354869
meanAnFloodDuration,0.010230916,0.006422119,0.005372664,0.004692372,0.009416547,0.008323066,0.006595731,0.00702208,0.0066784,0.005179101,0.005807562,0.007817284,0.011998228,0.010038786,0.013141684,0.009001722,0.009924709,0.009271358,0.0042893,0.004569422,0.007148833,0.007476439,0.00843258,0.009060982,0.008650021,0.010230916,0.004839635,0.009308693,0.009534445,0.007634392,0.009012092,0.008995795,0.009103354,0.007681192,0.006897278,0.005517184,0.005655459
cvFloodDuration,0.736075527,0.762699849,0.65813595,0.486102444,0.47703373,0.541182574,0.403245071,0.617416209,0.636330469,0.590213604,0.595237798,0.458985044,0.509492789,0.514546372,0.714374505,0.560403528,0.538637909,0.523379294,0.496531831,0.628920809,0.552782173,0.584152277,0.592180261,0.476501275,0.505851778,0.444598708,0.59301676,0.585520049,0.54261121,0.527484777,0.604896294,0.492092481,0.55899454,0.643090656,0.608457763,0.422919799,0.507872282
meanAnOverbankFloodDuration,0.184009055,0.280013779,0.336016534,0.344016928,0.192009448,0.208010236,0.24001181,0.248012204,0.208010236,0.272013385,0.30401496,0.200009842,0.144007086,0.176008661,0.120005905,0.160007874,0.176008661,0.192009448,0.39201929,0.400019684,0.24001181,0.232011417,0.216010629,0.200009842,0.208010236,0.176008661,0.352017322,0.192009448,0.184009055,0.232011417,0.184009055,0.192009448,0.200009842,0.232011417,0.256012598,0.312015353,0.312015353
meanAnOverbankFloodVolRelBankfull,1737.085026,932.193821,25.94906654,61.79684541,726.2940971,639.6125129,102.5176406,110.8322351,123.8341022,126.7076293,234.4934573,123.3200458,1165.576646,1005.668884,269.7243768,246.4400939,971.3200389,713.0270609,12.14566703,160.9120627,416.7448579,47.60285226,126.0494592,203.0662454,151.0546541,201.4871635,16.66263603,25.87303096,247.50397,53.44526478,247.491667,253.6051525,200.2574091,217.7845903,189.4480586,58.99347049,50.53943379
bankfullQ,9555.565864,3867.980653,34.34389342,207.6170723,2104.746892,1779.08981,427.6814748,213.6879925,839.5152895,741.5334237,641.0285482,522.315942,5920.267156,4899.688731,1465.74244,1297.154691,3631.917406,2141.617656,57.85611645,226.5204127,983.4048525,158.616162,574.8345868,1033.769723,757.4985261,1128.262349,71.18338124,101.6452803,1376.531442,167.9973736,1152.219611,1090.87356,882.3694457,876.2089344,785.6611254,152.941836,134.3837298
meanQ,444.9044921,158.8698758,2.883334865,4.236964865,61.77170586,48.82068369,11.7972793,6.551107827,24.70017064,20.94221448,12.85718267,14.27614008,223.6695362,163.4857099,43.26712516,39.6166446,115.8802277,63.13932873,2.090371294,7.459946286,28.82522925,4.920410254,16.87109239,41.39803579,24.58700733,52.53373648,2.266176028,3.26900466,44.40694195,5.938639737,34.51680984,30.40878207,24.21730388,23.92849259,21.27964303,5.304954076,4.631115274
YearEvent1,8752.407945,3525.699798,28.88481262,178.4916621,1883.419936,1497.539696,367.3509874,179.5150969,723.3572243,629.0820003,534.4757538,458.5367692,5379.76018,4402.08007,1240.701522,1160.646293,3289.076137,1928.274332,49.26752038,190.7579216,830.4156921,141.0844695,519.8416526,946.3194995,672.3294464,1018.086953,63.4258423,86.00968676,1205.356702,150.3364735,1034.008979,979.0437587,771.3234477,768.0168489,680.7006013,140.0082839,123.9881494
YearEvent2,9963.502028,4039.694273,38.92103291,221.7151415,2266.497217,1937.244489,442.8329739,235.2985258,880.1836031,777.1297629,705.5533514,554.7261519,6242.068886,5093.078886,1597.85514,1409.593342,3840.477639,2291.936346,59.98321113,249.6806311,1087.733914,172.0082221,611.0238083,1106.627975,801.2773184,1202.105156,74.69901332,108.7047142,1433.251756,181.2412893,1222.14297,1182.777357,937.282841,928.9377629,826.4626047,158.6322127,141.3421783
YearEvent5,12671.73934,5291.649701,69.34627156,327.5644797,2952.405559,2571.547865,519.8071959,316.7099215,1040.323536,994.3928865,891.7890382,747.2985921,7525.260855,6590.418995,1924.390524,1771.464653,5001.748835,2957.88824,75.73576087,480.1394622,1635.863369,221.8321997,746.5286472,1330.416183,963.0062424,1405.701465,88.21383535,152.8513323,1837.462871,250.6162896,1561.730596,1457.319648,1210.977834,1240.309983,1130.941322,241.7956848,208.5563846
YearEvent10,14833.72425,6684.109658,93.86326382,374.8697451,4431.724865,3691.358959,680.7516136,523.0981768,1208.471864,1110.293133,1249.381978,881.6051172,9139.379948,7675.795934,2179.835236,1942.563223,6167.459863,4247.724686,87.05554747,660.1005702,1975.827222,265.496452,1028.678292,1476.979906,1224.623825,1712.871555,101.8077412,176.7827142,2234.839494,328.1343278,1988.736665,1931.091976,1493.110836,1609.635852,1370.100989,338.4721899,287.9692421
YearEvent15,17187.03281,8098.686975,127.7902347,420.9171686,5357.967695,4327.645252,885.386057,581.0651345,1272.058899,1276.119526,1633.799518,987.1468925,9936.044914,8346.40277,2282.013368,2119.877379,7465.42035,5175.853148,91.97516411,958.2325277,2458.827957,298.6249227,1086.714915,1853.975566,1291.199394,1924.580181,126.6944035,202.0968519,2605.33916,410.7790957,2269.588124,2137.577902,1849.260827,1732.90973,1671.11905,367.7812284,314.5953775
YearEvent20,18565.47935,9346.477487,204.9146618,468.2259716,5688.877334,4751.592973,991.5350222,657.2275606,1456.318609,1383.933046,1830.484636,994.9740611,11617.24946,9465.823616,2662.305927,2327.130953,8320.570452,5513.682261,95.50115728,1145.462831,3093.598946,333.2912777,1103.641623,1909.88161,1472.303579,2007.297425,144.6812833,215.8249096,2724.630237,431.6974611,2473.583714,2448.434169,2035.925033,1877.747199,1781.381038,408.7922412,362.8342563
meanAnDailyQ,441.8199956,157.676349,2.873896356,4.208783358,61.38218577,48.52454082,11.71458763,6.515934039,24.56812524,20.83109502,12.77389876,14.17642459,222.2180255,162.4173657,43.00205248,39.3798285,115.1102823,62.73900002,2.077647266,7.421790515,28.66228272,4.891597116,16.7688272,41.13233838,24.43424712,52.20975769,2.250532648,3.249974627,44.09936466,5.897026071,34.28084563,30.20427721,24.05855211,23.77188082,21.14245863,5.268160873,4.599057465
medQ,18.14084978,0.170137592,1.715095147,0.003321638,7.095034993,6.509500343,0.117065357,1.417187195,0.56648863,0.368682434,0.095791429,0.231553849,17.25872524,12.00002423,1.268505927,1.114917663,9.847915976,7.179680302,0.172121921,2.016859816,5.347318023,0.241364986,0.366602128,1.218867734,0.635006613,4.228860244,0.008083125,0.191652588,1.806744464,0.074782627,1.338111431,1.085719282,0.873293949,0.817135855,0.685644931,0.02061281,0.016604553
specificMeanQ,0.000196686,0.000114339,0.000335777,3.37E-05,7.99E-05,8.93E-05,7.29E-05,0.00017902,5.40E-05,5.26E-05,7.59E-05,3.34E-05,4.91E-05,4.73E-05,3.68E-05,4.26E-05,5.70E-05,7.43E-05,0.000124637,0.000139871,0.000114643,9.26E-05,7.80E-05,5.86E-05,6.47E-05,6.79E-05,5.37E-05,0.000100122,5.13E-05,7.08E-05,5.34E-05,6.17E-05,6.94E-05,6.99E-05,7.62E-05,8.51E-05,8.42E-05
specificMedQ,8.02E-06,1.22E-07,0.00019973,2.64E-08,9.18E-06,1.19E-05,7.23E-07,3.87E-05,1.24E-06,9.25E-07,5.66E-07,5.42E-07,3.79E-06,3.47E-06,1.08E-06,1.20E-06,4.85E-06,8.45E-06,1.03E-05,3.78E-05,2.13E-05,4.54E-06,1.69E-06,1.73E-06,1.67E-06,5.47E-06,1.92E-07,5.87E-06,2.09E-06,8.92E-07,2.07E-06,2.20E-06,2.50E-06,2.39E-06,2.46E-06,3.31E-07,3.02E-07
cvMeanQ,2.750180817,3.07562959,1.837358292,4.81887341,3.840311732,3.965141793,3.896662713,4.165833813,3.273842448,3.402785647,5.334886454,3.833032575,3.022178161,3.268686214,3.380520499,3.349524802,3.498807477,3.819825983,3.030536598,4.058216814,3.849869717,3.701831909,3.723032245,2.999433918,3.428556312,2.645606057,3.770681076,3.293602729,3.295893754,3.367488085,3.561777119,3.786420132,3.760629923,3.816057531,3.805190042,3.665964869,3.675275699
skewnessQ,4.850003226,6.182228562,29.70177431,11.29178612,12.789475,15.14165234,10.92935583,31.68773403,7.325389629,7.691960677,19.70011533,8.528338004,6.889291212,7.731432907,7.360428729,7.114195403,9.569579686,12.59046562,14.39579682,26.14736912,17.87732533,13.78303831,8.147617339,6.106029719,7.364808188,5.398396781,11.21136672,7.940480914,6.837987354,9.056717094,7.47745256,8.079544249,8.376276967,8.624800398,8.673964699,15.04199144,14.60025654
meanQ01,1164.315746,417.6099642,4.936424246,13.49544875,159.0921145,121.6923211,34.71984326,13.71162409,79.32187778,67.55517787,40.18160379,41.25984472,563.5855568,422.6795438,128.4254402,120.7014003,292.9482994,158.7140169,5.941768625,15.28366006,61.27175105,12.02779918,43.36179566,112.5147584,64.98528113,139.6108942,6.512701494,7.476728121,122.9530724,20.50254639,92.42746304,80.87290817,63.61184788,63.8238317,57.48730365,18.72064133,16.3788603
meanQ02,2112.459468,840.5126774,5.967490914,20.67025488,243.9776179,179.6615445,55.72014338,18.62285601,105.9150503,90.03968625,54.01656861,67.47488289,943.256196,696.240051,197.0021376,177.5384027,482.6455123,250.4958243,7.937756431,18.17369068,92.58901482,16.75220853,74.26325041,180.6043963,108.5369287,216.8577345,10.70280002,12.35401273,195.2423179,25.78784787,152.7832599,134.4364412,103.8479285,102.1497213,89.76442225,22.99938134,20.05748525
meanQ03,1540.853745,554.5377276,6.971659697,12.22261598,208.7525305,169.3640627,34.85654675,22.71568301,67.46095781,56.91884924,41.6908698,44.09954874,781.743127,563.9205948,131.1624359,115.4858473,405.7406316,217.2691817,6.242410444,25.82112738,104.6053379,17.9202774,56.6705481,136.4433258,82.24403671,169.1972273,7.312110797,12.22217267,146.2416511,14.9971814,117.7623867,105.3165346,85.16439897,83.53165618,73.5645019,12.93858457,11.29603681
meanQ04,315.4416503,77.30580928,4.507315455,1.603613408,66.82114397,57.72518968,6.615417284,10.16339677,12.08065835,9.940480807,8.928435847,7.592435541,212.4523767,148.9885758,23.09871063,20.59150493,115.208432,69.87500135,1.509901382,11.35482903,41.6061271,6.58083133,14.57646897,32.91521885,20.25846355,45.20082245,1.376141364,4.234374874,36.04793277,2.841052229,29.17088315,25.72211354,21.94388882,21.27560798,18.8044751,2.319033172,2.035773724
meanQ05,45.01192158,4.545903574,3.019761759,0.401441066,14.82050868,13.79535768,1.263039179,3.606083347,2.922455808,2.455572804,0.716374576,1.404096012,38.36329729,27.025295,4.743878941,4.496502965,21.40345787,14.9870612,0.384798578,5.112372449,12.48957656,1.614503625,2.51242612,5.19395945,3.316980562,9.690267905,0.114791684,1.03984003,5.641991558,0.394027976,4.597853015,3.956277476,3.428679605,3.322501205,2.994965196,0.319973526,0.288274924
meanQ06,18.04881076,0.520337051,2.101823234,0.040829411,8.568272664,8.179089643,0.406527777,2.276233614,1.270124505,1.08501648,0.410848298,0.473673983,17.50121195,12.76548618,1.777821269,1.752926394,10.70797911,8.677521889,0.147839012,2.960556935,7.516763428,0.509208341,0.904510316,1.47107332,1.106630035,4.184660941,0.035162094,0.381344247,1.712732902,0.158592648,1.435391416,1.320221327,1.158634246,1.137402206,1.048381108,0.14421073,0.129116903
meanQ07,9.376377529,0.115172407,1.442282616,0.01344674,5.427293543,5.276917902,0.109480691,1.472189956,0.571042614,0.488593643,0.181038837,0.142492068,9.256971956,7.073630399,0.757167553,0.727015789,6.17879659,5.473853373,0.058881944,1.99270767,4.985092299,0.150123348,0.221578378,0.333742799,0.264242293,1.95130939,0.011878179,0.114424008,0.575512254,0.057911293,0.478446491,0.448114149,0.393957266,0.383763035,0.353331789,0.054709499,0.048326229
meanQ08,6.504787082,0.04952958,1.022346894,0.020660701,3.958378978,3.872085235,0.058130283,0.982530961,0.366189255,0.321650961,0.190361218,0.077508706,6.441295406,4.86755325,0.425564415,0.433785481,4.422463534,3.973222172,0.036211643,1.54833728,3.614848085,0.147007305,0.292608521,0.461169034,0.341266711,1.528358904,0.01075288,0.072011024,0.397889663,0.057676918,0.339379853,0.335709342,0.298785475,0.300205838,0.282593696,0.057046525,0.051919469
meanQ09,4.635378548,0.045156423,0.737373271,0.012202294,2.848534722,2.742297234,0.050238091,0.667055868,0.284851372,0.237425722,0.146557753,0.078040027,4.580107945,3.643816609,0.378461522,0.368730485,3.24127767,2.866082842,0.030812605,1.098081043,2.529685539,0.070072713,0.149043895,0.2465478,0.190212547,0.932176084,0.014229801,0.033145315,0.325381895,0.059918554,0.257036797,0.245879479,0.202964946,0.198192014,0.178160272,0.05840385,0.051631875
meanQ10,7.238065422,0.179997604,0.683719012,0.033921416,3.112417673,2.894011253,0.17660797,0.597131094,0.863747167,0.728687918,0.502777356,0.259653897,6.90701417,5.169810125,1.11951663,1.110709402,4.108634872,3.100832463,0.104261335,0.965038159,2.275985662,0.182995274,0.496582857,0.850905092,0.589605553,1.842052397,0.042846126,0.061708534,0.931258484,0.197228746,0.728773815,0.707626157,0.591030477,0.593371435,0.542598283,0.194212998,0.171590443
meanQ11,33.56237346,2.880794284,1.083236975,0.694488941,8.139699184,6.643344163,2.032447544,1.118596011,6.920264174,5.885914905,2.125888223,2.324528432,29.82102589,21.89306598,8.651833194,8.969103221,14.23684594,7.960166486,0.662315232,1.40974278,3.897265439,0.865186508,2.899081621,6.213362075,3.872624285,9.865113903,0.252703694,0.408118863,6.076229896,1.471155202,4.145054031,3.665672177,3.174779396,3.249719914,3.097811765,1.386935137,1.199143456
meanQ12,184.4546777,50.92920513,2.301057858,2.626885609,26.77999489,21.78030466,8.240949371,3.368264029,23.13154737,19.65238816,7.574961413,9.358996888,113.8596643,79.94013098,30.86082313,31.41347518,52.04768562,25.696128,2.354213333,4.333191293,12.27088284,2.902110183,9.63576518,27.89776451,14.45980578,39.33718959,1.320852757,1.380355726,25.86120842,5.88563355,17.28083914,14.21450334,11.60983405,11.88682669,11.33485669,5.483264175,4.751287967
cvQ01,1.51996328,1.659810534,1.433481212,2.64518775,2.270826464,2.372783131,2.233029377,2.869900376,1.887781554,1.951774116,2.581537836,2.193089752,1.726819626,1.879941519,1.994977783,1.939410569,1.990747682,2.258454624,1.571554028,3.098257328,2.584725655,2.174706999,2.052816782,1.588411823,1.837507682,1.408302262,1.852561103,1.985049504,1.844097201,1.772879937,2.031898915,2.167534764,2.113502947,2.131293341,2.129995759,1.917526243,1.928231691
cvQ02,1.055561364,1.197750508,0.804077787,2.034275851,1.597351568,1.678994008,1.59577282,1.789807237,1.37572113,1.441197597,2.145810522,1.554114398,1.235486878,1.338592275,1.385528737,1.380907575,1.437121718,1.57806509,1.351517737,1.72173914,1.687413929,1.606876831,1.58872039,1.23967072,1.4458376,1.120560112,1.45378741,1.509714538,1.371878156,1.348338409,1.503341034,1.614929431,1.616085333,1.647359083,1.654612925,1.430769674,1.436950029
cvQ03,1.175484391,1.249347495,1.521977438,2.915978332,1.963675947,2.026805548,2.317871802,2.339247356,1.853147608,1.971785883,3.006046503,2.243141734,1.468844877,1.637208215,1.847606086,1.884477156,1.758313665,1.933170246,1.549455996,2.66566749,1.980644472,1.998569803,2.020688839,1.489488964,1.810057625,1.308011831,2.100046541,1.740437669,1.737158535,1.825294708,1.887584877,2.019604632,2.029886418,2.073223917,2.0767435,2.035875076,2.056419126
cvQ04,3.025786411,2.863452925,2.023240766,4.951096933,5.63115602,5.701362162,3.301573577,5.083036219,2.476957377,2.647431367,12.35121304,3.261373939,3.741964141,4.306531873,2.594725567,2.564101552,4.926831496,5.53556751,5.289155502,3.866670695,4.792943185,4.002385368,4.796762353,3.747895822,4.440695767,2.93129021,7.096504341,2.573621106,3.588487036,7.128694303,3.76178726,4.112549576,4.040253422,4.202400521,4.135729318,10.11802612,9.878493759
cvQ05,2.23498482,8.27711905,0.598536206,11.05215582,1.458321248,1.425557869,4.358934216,1.669285709,5.838704487,6.111016589,3.924905824,4.367747648,1.712309941,1.777143683,4.88423154,5.087930337,1.418645097,1.43825215,1.501477747,2.177113418,1.454907105,4.26350504,6.311543749,3.502555997,5.107698387,1.988161492,6.247895248,1.610043862,2.041905092,3.472315,2.060402674,2.118661548,2.203096525,2.211460738,2.234293499,4.620068007,4.617757861
cvQ06,1.447681263,4.584768347,0.538825284,5.449002198,0.912981803,0.922951094,4.615382998,1.067056628,4.75553068,5.059511929,5.863973471,4.024997723,1.453596464,1.30621875,3.812716378,4.008952168,1.039253118,0.91684696,2.757860769,1.04880509,0.874372581,3.711587224,5.123121198,4.416369434,4.88608754,2.092958628,5.744425375,2.223538984,2.063902626,4.849675709,2.138336743,2.311612791,2.491358425,2.610364239,2.874641366,6.790584046,6.743066208
cvQ07,1.038660049,5.524367788,0.518937315,7.53727978,0.664022899,0.663404628,4.903170691,0.842065532,7.235632439,7.410212133,7.525075978,4.686666012,1.022126085,1.098178913,5.564145643,5.946320742,0.799243774,0.654760918,4.274291763,0.558906656,0.591071539,3.497316051,4.165657003,3.145246952,3.681093706,1.114815799,6.988080756,1.782268347,2.995810758,7.891338031,2.825040384,3.016181998,3.151132841,3.331618447,3.579362682,10.53657653,10.51278096
cvQ08,2.004304192,9.885039869,0.642314453,14.73406161,1.072224939,1.100931322,8.694874875,0.948001074,10.49306497,10.95575447,9.249421936,7.507973971,1.989281964,1.615898883,8.842432643,9.124121003,1.342043325,1.049917048,8.125909344,1.272650307,0.971912806,10.73315949,12.93845296,12.49999946,12.42233359,4.696210966,11.86528486,5.604277702,5.489635303,8.552162488,5.801530087,6.041051228,6.636891794,6.86937214,7.471710224,10.64705096,10.55638043
cvQ09,1.37077222,10.97765319,0.575228586,7.523509402,0.785683645,0.734936189,8.994935041,0.766914992,7.510644257,7.978056451,7.522387729,6.611061667,1.319356175,1.309880212,5.877992744,6.392162631,1.030768947,0.758152223,9.808416516,0.585561524,0.564921659,7.066001413,10.1588341,8.520178666,9.622957395,2.998783552,9.368734022,4.849973353,4.405327171,8.108269695,4.565640273,4.88777614,5.375515317,5.720860337,6.519759854,11.06716286,10.98571638
cvQ10,2.161436886,7.190490419,1.042776065,4.720707454,1.408962603,1.479854035,4.805455415,2.518216361,5.49795483,5.781487551,5.33677038,3.644746782,2.123984059,1.920033901,4.363607967,4.525639365,1.612717279,1.374359401,4.518693766,1.056428139,1.351801595,5.030774995,5.342562763,4.699111622,4.647298587,3.344067388,5.002402125,5.460454124,2.942846976,3.661785751,3.251342788,3.407365912,3.839427111,3.996488276,4.531540813,4.748329557,4.736839275
cvQ11,3.191607117,10.63486656,1.253361408,7.00967501,3.161189412,3.098164376,5.779189878,3.878529364,3.760559158,3.912319302,4.735789452,5.005011215,2.908223759,3.236617488,3.833733008,3.837728361,3.160699274,3.13510447,3.54792681,2.199696986,2.691585131,3.742121988,3.740684528,3.996787792,3.842544784,3.066962366,5.578103202,2.82938089,3.631658835,4.00111284,3.733015533,3.749111872,3.960484655,4.046379886,4.354497165,4.091015188,4.106146541
cvQ12,2.41778221,4.094790679,1.197164219,4.410385487,2.476515003,2.476037501,3.447209217,2.912688473,2.426292762,2.540760518,3.346061839,3.352354941,1.925771415,2.214171813,2.535275599,2.562216538,2.277189079,2.420153299,2.355899106,3.098583039,2.667580025,2.58546963,2.449826346,2.361579078,2.460546221,1.900590034,3.411559038,3.011944172,2.538256158,2.557040165,2.937404368,3.256388656,3.277245574,3.33890258,3.44884406,2.665291298,2.691309563
seasonMeanQ1,2.527330879,2.668783329,1.509976018,2.833890911,2.269704103,2.161190278,2.729060967,1.785243615,2.766825395,2.775999937,2.590758567,2.697144876,2.360211105,2.388880045,2.689567227,2.721462736,2.326165339,2.244893945,2.551686659,1.665733039,1.881653358,2.107819808,2.456648836,2.53042474,2.491459852,2.461997164,2.665466933,2.113415346,2.527120538,2.885378203,2.477065704,2.457717697,2.408991997,2.422878324,2.431127983,2.924102524,2.922764699
seasonMeanQ2,1.432283103,1.344466915,1.677381098,1.127381491,1.57230395,1.649714558,1.214511495,1.859752927,1.119647947,1.110105137,1.337839282,1.247434107,1.545217838,1.515155685,1.232499436,1.189991153,1.566246091,1.600358831,1.303806867,1.893566737,1.839468821,1.773895809,1.46376328,1.412116044,1.441263795,1.427972039,1.302319387,1.789381385,1.417187085,1.029292687,1.470075755,1.486670275,1.528148291,1.512998485,1.500453074,0.98469544,0.986209234
seasonMeanQ3,0.02525653,0.001417339,0.525728089,0.005854819,0.096428704,0.11777612,0.01602412,0.239560141,0.029553538,0.029931263,0.020153555,0.016012003,0.049164275,0.050073601,0.022609627,0.024301553,0.060958597,0.095231935,0.038390681,0.289355594,0.185563988,0.054094333,0.027752065,0.018057585,0.022975054,0.048293924,0.008424581,0.057256537,0.01996296,0.01526666,0.021544121,0.022842789,0.025239791,0.025131537,0.026134961,0.015962845,0.016385206
seasonMeanQ4,0.033846321,0.006457593,0.288941967,0.057713667,0.075807666,0.083571944,0.063299579,0.120910043,0.108078458,0.10824634,0.071589075,0.06167697,0.061224127,0.062267807,0.077619995,0.087255755,0.061802292,0.073257363,0.126303533,0.154894462,0.100402005,0.07533239,0.069588981,0.058445029,0.062644932,0.079702279,0.045272735,0.050930884,0.054668555,0.096307813,0.049236947,0.050333551,0.05429515,0.055950528,0.059438589,0.102290396,0.101659617
seasonCvQ1,1.617864476,1.82569572,1.245151427,2.751520677,2.275394978,2.366120119,2.237203307,2.639253128,1.885935915,1.957765588,2.767471432,2.195731685,1.777069648,1.919772207,1.970017859,1.933067456,2.041482541,2.261797246,1.695851468,2.757427884,2.453038453,2.185785686,2.151848852,1.707554248,1.965335262,1.524722406,2.008941012,2.099160048,1.918311518,1.827565272,2.109719888,2.255880985,2.230061532,2.256111772,2.25435387,1.945104918,1.956408578
seasonCvQ2,2.124511002,2.284558538,1.71536785,4.603595016,3.410354254,3.500201023,3.547681546,3.574994188,2.909529006,3.081075897,5.688765035,3.491847357,2.511402143,2.78366859,2.921516483,2.958921043,3.037045807,3.366755696,2.81641179,3.426135761,3.213397711,3.077042626,3.29972212,2.549103368,3.008065599,2.19310352,3.721584574,2.503422592,2.794275075,3.384228815,2.987848641,3.192363133,3.184151087,3.258894136,3.250686792,4.03786977,4.023929315
seasonCvQ3,1.630433053,6.459416715,0.642326022,9.099326487,0.979772186,0.984093313,6.155902758,1.106513822,6.536684402,6.867639931,7.295119639,5.320538802,1.622375007,1.459678598,5.218163645,5.495391144,1.162251597,0.97886166,4.076168554,1.057821864,0.911242041,5.47650299,7.462993293,6.766178283,7.091768068,2.652969381,7.632252648,3.030960461,2.988435149,6.501293606,3.074690169,3.292058243,3.549476884,3.717497497,4.068671659,8.762499991,8.708398542
seasonCvQ4,4.225282235,17.20973377,1.120390577,11.51063901,3.254944056,3.006330709,9.141696166,3.367241094,5.819638821,6.056359184,6.608414457,7.706004035,3.789783999,4.125707905,5.852067788,5.900307122,3.722703314,3.195783464,5.362695179,1.663473863,2.203605914,5.359800856,5.611305262,6.092774575,5.783447568,4.359758556,8.082701498,4.312557844,5.37623294,6.076110733,5.401319812,5.34738687,5.690403372,5.841127974,6.332662683,6.220052552,6.223743154
specificAnMeanQ,0.0712675,0.041429767,0.121665874,0.012206936,0.028962837,0.032366371,0.026415459,0.064866504,0.01958173,0.019045114,0.027513802,0.012105257,0.017795026,0.017150669,0.013319078,0.015435455,0.020666333,0.026931883,0.045161127,0.050680932,0.041539854,0.033546151,0.028249707,0.02123948,0.023435796,0.024619191,0.019474166,0.036278165,0.018604389,0.025662565,0.019363969,0.022360875,0.025143602,0.025336237,0.027619821,0.030840185,0.030525245
CvAnQ,0.618698032,0.58460148,0.361984719,1.030769562,0.781977196,0.78131487,0.769047027,0.701344979,0.817997613,0.835133607,0.838359486,0.847537493,0.738647123,0.788558505,0.888336006,0.833320908,0.790114867,0.795934554,0.495215379,0.700536512,0.772564267,0.775310812,0.763466522,0.657017641,0.728173239,0.594982242,0.76456885,0.769357719,0.768422381,0.622704234,0.827876282,0.855364747,0.820056854,0.817737712,0.787221564,0.623553237,0.630001128
skewnwssAnQ,1.495269249,1.366819507,1.227012682,2.567951996,1.803825721,1.85636843,1.721399132,1.862424994,2.255010722,2.295552512,1.866974453,2.092999561,1.749780686,1.86712894,2.49492244,2.262801021,1.776237297,1.828595699,1.309008232,1.679258347,1.944180358,1.702885297,1.613639914,1.506251287,1.568295098,1.438173774,1.642284309,1.676661274,1.74954218,1.452098946,1.854269089,1.881704315,1.797052155,1.792347685,1.727311929,1.450063631,1.457270837
specificAnMedQ,0.068157884,0.043489082,0.115379707,0.0093861,0.025446073,0.028306666,0.023997174,0.056798434,0.016704424,0.015950208,0.021659141,0.01064635,0.015389422,0.014644128,0.011074975,0.01298603,0.018185352,0.023334026,0.043403892,0.0427181,0.03606503,0.031196439,0.024417475,0.019312535,0.02053063,0.023046074,0.016924693,0.029583095,0.0159459,0.02381004,0.016909341,0.01925623,0.022085726,0.021844706,0.024317348,0.028829168,0.028771823
medAnMinQ,0.004060569,4.36E-06,0.115872875,0,0.019641828,0.024428448,0,0.031881342,0,0,0,0,0.008032218,0.008829726,0,0,0.011764702,0.019452252,5.83E-05,0.05291436,0.039050718,0,0,0,0,0.004148295,0,4.50E-05,0,0,0,0,0,0,0,0,0
exceedQ75.,5.215597887,0.007393611,0.817843476,0,3.078862655,2.892411929,0.000744212,0.559430698,0.004173715,0.001191336,0,0.00059057,5.159343011,3.908548609,0.027046526,0.02047912,3.593220827,3.125592289,0.008266748,0.972445394,2.502514401,0.01475866,0.024338715,0.068716697,0.040474025,0.976526372,0,0.0156653,0.125764346,0,0.102206386,0.084521879,0.069845257,0.062036037,0.049014611,0,0
exceedQ90.,2.766963777,0.0018166,0.470279965,0,1.765009176,1.671746501,0,0.300294545,0,0,0,0,2.750586024,2.131512761,0,0,2.004122733,1.795086842,0.000675192,0.547475961,1.507348664,0.000474956,0,0.003645771,0.001322574,0.419135691,0,0.001279582,0.009266374,0,0.008282552,0.007540405,0.005598079,0.004449614,0.002719316,0,0
exceedQ99.,1.180611606,0.000547829,0.229215359,0,0.772452514,0.739605107,0,0.114163315,0,0,0,0,1.170983438,0.896278991,0,0,0.857924618,0.789407235,3.63E-05,0.175979848,0.67891254,0,0,0,0,0.131684584,0,3.87E-05,0,0,0,0,0,0,0,0,0
specificMeanAnMin,8.30E-07,5.84E-10,4.08E-05,0,1.61E-06,2.20E-06,9.14E-12,6.15E-06,1.20E-11,3.35E-12,0,0,4.11E-07,4.31E-07,0,0,6.87E-07,1.49E-06,2.60E-08,7.57E-06,4.55E-06,6.81E-09,9.51E-10,3.59E-10,5.23E-10,3.31E-07,0,2.03E-08,1.39E-09,0,1.96E-09,2.96E-09,3.43E-09,3.03E-09,3.15E-09,0,0
medAnMaxQrelativeToMeanAnDailyQ,13.31847131,16.00552467,8.240935735,23.1075445,16.79611852,18.85612434,22.18901506,18.96506983,17.48083284,18.78030907,30.63535395,20.85011066,12.21589041,13.29151414,15.39817101,16.49888425,14.80175498,15.93293573,21.07502416,18.83653544,17.37805916,20.31609612,20.64416884,14.98061404,18.36025091,12.91111354,21.34159769,17.08335456,14.50246579,18.53422224,15.94123934,17.5456077,20.11732231,21.19036508,23.00386819,20.55668021,20.4781795
exceedQ1.,6210.68566,2400.719295,17.85905506,90.94292848,1107.144301,874.815633,224.4101015,100.7370754,384.2043441,342.0547741,298.2190947,274.745542,3493.584777,2670.020864,700.3014494,651.552961,2020.616582,1136.818451,30.51782979,107.8991745,469.4529253,89.67877863,330.1060993,640.9535548,443.5134709,709.5750485,42.19091555,52.8221922,752.6146981,97.76358728,636.0613944,590.8510584,456.4918194,453.2271688,395.5455245,90.47434548,80.19305952
exceedQ10.,1310.023508,488.8091924,6.036698507,5.98669065,107.1029893,82.43405468,22.00238831,10.3627017,60.36513936,49.55234009,16.64848508,25.87833262,540.2390648,354.3992212,100.0203566,91.10883582,229.3635287,109.8916331,4.973722302,12.43838711,50.22322577,10.19643106,34.59483946,108.9192744,55.20690903,146.9911324,4.402810217,7.275144447,99.55821917,13.57183913,67.68156534,53.52931836,43.73482348,42.4945876,39.40815246,12.07315127,10.39288693
exceedQ25.,182.4096235,29.07057716,3.438146961,0.384793899,21.8841214,18.70203083,3.258098341,3.773282449,10.84425739,8.705259824,2.59587902,4.053659591,105.8794914,67.55763797,16.86732895,16.24491517,44.37095431,21.93355294,1.499749865,4.480655692,13.24064855,1.911611777,4.157413938,17.08026536,7.676415117,30.30417494,0.375006628,1.539161425,18.04570468,2.575324583,12.23673923,9.730656176,7.976915594,7.802494809,6.972137462,1.991739474,1.707899112
specificMeanAnMax,0.002705024,0.002017621,0.004396296,0.001125042,0.001755259,0.002169239,0.001932004,0.004932781,0.001019505,0.001084016,0.003058764,0.000774724,0.000709625,0.0007629,0.000634149,0.000788812,0.001037482,0.001574332,0.00300549,0.004356551,0.002727907,0.002166833,0.001736012,0.000985443,0.001284266,0.00096198,0.001330384,0.001974559,0.000900856,0.00159711,0.001051881,0.001353017,0.001624371,0.001729415,0.001996965,0.002341911,0.002313611
volHighQ1x,46.47117664,92.80552896,142.0999073,182.7902666,183.590041,216.5643227,194.551187,336.6723673,77.58458344,78.83599381,328.8243117,137.331358,85.73723046,101.0929445,79.33961626,69.26198119,131.9590515,174.9739565,223.5093745,298.1328201,231.1812369,234.0825998,129.3053104,78.14194389,111.637419,63.64006576,216.0918432,93.56591844,70.92566845,133.598735,84.35455644,94.58463393,102.6739174,107.5838452,112.2648308,249.071938,242.638933
volHighQ3x,44.47117664,90.80552896,140.0999073,180.7902666,181.590041,214.5643227,192.551187,334.6723673,75.58458344,76.83599381,326.8243117,135.331358,83.73723046,99.0929445,77.33961626,67.26198119,129.9590515,172.9739565,221.5093745,296.1328201,229.1812369,232.0825998,127.3053104,76.14194389,109.637419,61.64006576,214.0918432,91.56591844,68.92566845,131.598735,82.35455644,92.58463393,100.6739174,105.5838452,110.2648308,247.071938,240.638933
volHighQ7x,40.47117664,86.80552896,136.0999073,176.7902666,177.590041,210.5643227,188.551187,330.6723673,71.58458344,72.83599381,322.8243117,131.331358,79.73723046,95.0929445,73.33961626,63.26198119,125.9590515,168.9739565,217.5093745,292.1328201,225.1812369,228.0825998,123.3053104,72.14194389,105.637419,57.64006576,210.0918432,87.56591844,64.92566845,127.598735,78.35455644,88.58463393,96.67391742,101.5838452,106.2648308,243.071938,236.638933
ARI1,5313.347523,2280.023295,21.48509876,89.59018933,820.0923686,720.8196458,209.5296712,107.8970677,363.9240442,330.7803738,332.1455548,239.6694205,2479.544933,1966.299788,565.6807393,542.5450489,1438.479262,832.5895962,36.9823545,119.6121332,425.4706352,72.82345539,267.4944482,539.022019,361.8772106,576.7521298,43.172561,45.83027387,581.607437,90.98848256,509.4394263,468.7214573,406.074063,431.7886649,409.4228239,89.45154861,78.37112056
ARI2,7100.431761,3165.785441,27.94590681,152.6864263,1469.058879,1236.140908,320.7852897,154.1402355,511.2638597,469.5750169,501.5453966,366.0440859,3871.473443,3110.006084,830.3002306,826.3128545,2363.220207,1491.668476,50.34244114,191.302497,674.0657249,123.7937786,455.0668319,779.6161299,571.0403459,809.4559555,60.86561322,70.98405582,920.2932154,129.9558616,793.314476,770.5834805,643.8628621,680.06174,624.8643985,131.8969992,114.7909119
ARI3,9066.246333,4006.442906,44.58861573,240.2720645,2100.42284,1855.982033,442.6661104,225.2076456,809.8685006,754.0878831,741.5466734,515.9023693,5609.271923,4573.700334,1282.002845,1196.535113,3532.406034,2126.329837,67.37335925,357.6004543,1019.355556,167.7967773,580.8929079,1046.46302,757.6334853,1110.657421,81.17957415,100.6990934,1306.446929,183.893636,1151.084543,1088.504783,897.0126802,935.3097554,827.4096017,184.8137349,161.6721558
ARI4,10543.36196,4835.678575,78.37910138,329.0579675,2654.109196,2315.786767,635.0858748,353.8019798,973.2097946,927.2104267,889.2114823,683.1823818,6557.482663,5342.052963,1686.430397,1614.454101,4118.477555,2627.396025,80.66884363,607.7796121,1390.865371,209.3182661,711.3235989,1269.246781,885.5982144,1336.920661,92.23348421,127.1431,1524.25951,261.9368192,1365.920365,1348.289617,1075.310919,1124.005055,1026.543276,293.8670563,267.1508351
ARI5,11400.11468,5427.913025,101.6565615,389.0023925,2983.624759,2567.478663,743.87219,507.6685213,1112.642343,1062.764455,1273.265761,791.8627435,6957.04297,5873.797332,1872.740601,1774.485977,4598.948785,2935.655456,89.32426357,666.4597738,1716.444801,222.8295894,745.0256229,1337.608274,966.9284508,1382.294038,97.29658954,156.5586635,1663.688307,296.1474811,1471.183383,1480.601052,1283.005756,1380.178928,1216.518464,364.729235,301.2834549
ARI6,13476.45191,6315.992401,111.4574243,424.0300067,3206.864096,2772.229764,891.1542043,571.0601982,1152.456814,1103.40342,1463.682065,857.6218746,7496.07459,6529.880919,1944.848889,1921.93198,5166.240891,3053.127388,93.7293254,765.3060603,1856.983087,252.2641958,883.6034353,1418.426558,1134.389148,1462.815561,107.6166724,167.0564099,1885.121348,328.8413605,1716.512627,1764.120976,1456.904037,1504.100828,1405.84994,370.2555096,315.3196349
skewAnMaxQ,1.355527615,2.528310449,4.580034635,2.200794498,3.666366391,4.007099275,3.381934607,5.616362551,1.617100165,1.478557804,3.974665566,2.395074632,2.390660001,2.515457955,1.696826056,1.387323038,2.990912437,3.600368082,6.270688857,3.473278435,4.414763213,4.996570246,2.010245221,1.829423552,2.11565047,1.806986364,4.834846247,1.935849287,1.421519469,2.844528744,1.542898996,1.5893017,1.747446536,1.685602914,1.710679252,4.31070722,4.189878608
meanAnSpell75.Exceed,90.58730159,90.58730159,90.58730159,142.8492063,90.58730159,90.58730159,90.58730159,90.58730159,90.58730159,90.58730159,96.13492063,90.58730159,90.58730159,90.58730159,90.58730159,90.58730159,90.58730159,90.58730159,90.58730159,90.58730159,90.58730159,90.58730159,90.58730159,90.58730159,90.58730159,90.58730159,117.2777778,90.58730159,90.58730159,103.8571429,90.58730159,90.58730159,90.58730159,90.58730159,90.58730159,119.5079365,120.8650794
meanAnSpell90.Exceed,36.23809524,36.23809524,36.23809524,142.8492063,36.23809524,36.23809524,63.46031746,36.23809524,73.02380952,83.86507937,96.13492063,87.82539683,36.23809524,36.23809524,64.44444444,63.19047619,36.23809524,36.23809524,36.23809524,36.23809524,36.23809524,36.23809524,36.66666667,36.23809524,36.23809524,36.23809524,117.2777778,36.23809524,36.23809524,103.8571429,36.23809524,36.23809524,36.23809524,36.23809524,36.23809524,119.5079365,120.8650794
meanAnSpell99.Exceed,3.626984127,3.626984127,3.626984127,142.8492063,3.626984127,3.626984127,63.46031746,3.626984127,73.02380952,83.86507937,96.13492063,87.82539683,3.626984127,3.626984127,64.44444444,63.19047619,3.626984127,3.626984127,3.626984127,3.626984127,3.626984127,13.4047619,36.66666667,25.02380952,27.45238095,3.626984127,117.2777778,3.626984127,22,103.8571429,18.41269841,11.16666667,13.72222222,17.14285714,23.18253968,119.5079365,120.8650794
cvAnSpell75.Exceed,0.406012958,0.3166172,0.424266605,0.263338318,0.493546692,0.50219763,0.459177256,0.565449421,0.414056304,0.42751022,0.275446068,0.395782519,0.408900849,0.440208119,0.385143863,0.392296526,0.445362347,0.496718664,0.371900568,0.696825395,0.531624734,0.398333557,0.383650069,0.331537863,0.361478768,0.411654829,0.239223121,0.407771577,0.352178723,0.276266207,0.358858627,0.370745371,0.374668918,0.37908966,0.387664319,0.248431414,0.255983913
cvAnSpell90.Exceed,0.919888567,0.604404979,0.885559178,0.263338318,1.019669235,1.019388396,0.660574047,1.095397636,0.478929256,0.45124314,0.275446068,0.407895514,0.924394099,0.983007972,0.511150482,0.527043113,0.981829779,1.021251245,0.773120198,1.353446793,1.065828782,0.780203163,0.706349947,0.598143526,0.639547892,0.912507948,0.239223121,0.806933456,0.672250927,0.276266207,0.683190467,0.711760508,0.713572719,0.71867685,0.740017898,0.248431414,0.255983913
cvAnSpell99.Exceed,2.96473155,2.157107202,2.831269644,0.263338318,3.630308283,3.609308097,0.660574047,3.541442459,0.478929256,0.45124314,0.275446068,0.407895514,2.967601875,3.6177228,0.511150482,0.527043113,3.604755991,3.614695764,2.553682932,4.363661511,3.691274571,1.337896292,0.706349947,0.724173254,0.717635565,2.845837997,0.239223121,3.192870297,0.856670472,0.276266207,0.950422217,1.260658899,1.155620881,1.070812257,0.975755326,0.248431414,0.255983913
meanAnSpell25.Exceed,90.58730159,90.58730159,90.58730159,90.58730159,90.58730159,90.58730159,90.58730159,90.58730159,90.58730159,90.58730159,90.58730159,90.58730159,90.58730159,90.58730159,90.58730159,90.58730159,90.58730159,90.58730159,90.58730159,90.58730159,90.58730159,90.58730159,90.58730159,90.58730159,90.58730159,90.58730159,90.58730159,90.58730159,90.58730159,90.58730159,90.58730159,90.58730159,90.58730159,90.58730159,90.58730159,90.58730159,90.58730159
meanAnSpell10.Exceed,36.23809524,36.23809524,36.23809524,36.23809524,36.23809524,36.23809524,36.23809524,36.23809524,36.23809524,36.23809524,36.23809524,36.23809524,36.23809524,36.23809524,36.23809524,36.23809524,36.23809524,36.23809524,36.23809524,36.23809524,36.23809524,36.23809524,36.23809524,36.23809524,36.23809524,36.23809524,36.23809524,36.23809524,36.23809524,36.23809524,36.23809524,36.23809524,36.23809524,36.23809524,36.23809524,36.23809524,36.23809524
meanAnSpell1.Exceed,3.626984127,3.626984127,3.626984127,3.626984127,3.626984127,3.626984127,3.626984127,3.626984127,3.626984127,3.626984127,3.626984127,3.626984127,3.626984127,3.626984127,3.626984127,3.626984127,3.626984127,3.626984127,3.626984127,3.626984127,3.626984127,3.626984127,3.626984127,3.626984127,3.626984127,3.626984127,3.626984127,3.626984127,3.626984127,3.626984127,3.626984127,3.626984127,3.626984127,3.626984127,3.626984127,3.626984127,3.626984127
cvAnSpell25.Exceed,0.31128553,0.273392292,0.415590939,0.372204523,0.392172252,0.386518402,0.383283977,0.418743454,0.334316758,0.336148858,0.30747268,0.374465907,0.347968084,0.355526137,0.34705354,0.346671299,0.375850965,0.392907381,0.310837358,0.469677066,0.414938297,0.411157202,0.336794976,0.340428372,0.346353381,0.338717298,0.317346103,0.427804289,0.365922988,0.322320629,0.381604118,0.387805121,0.385012216,0.381095391,0.37769583,0.319727192,0.322290382
cvAnSpell10.Exceed,0.630598011,0.591032989,0.585607024,0.635429154,0.637878758,0.624940469,0.625924254,0.569339869,0.582320902,0.579993783,0.554014367,0.635649622,0.653577429,0.64806411,0.608142927,0.602132861,0.667576768,0.647509255,0.518690403,0.660429723,0.632459769,0.677369638,0.645124553,0.62921502,0.645417223,0.624287004,0.612654046,0.698219679,0.6560707,0.600268381,0.686739123,0.700858379,0.687102734,0.682574919,0.668488698,0.578384508,0.584430318
cvAnSpell1.Exceed,1.728947422,1.347879251,1.320070541,1.656006379,1.404010077,1.392266176,1.423367935,1.250031528,1.957272456,1.877018938,1.202927064,1.660773492,1.948241192,1.92752955,2.130727274,1.958514879,1.64532228,1.457981521,1.065107076,1.233872778,1.43739802,1.332450908,1.295424301,1.415226915,1.320070541,1.4970823,1.399237423,1.525650786,1.838721549,1.309896322,1.773741114,1.648645445,1.585848458,1.492607278,1.444993377,1.253917442,1.27125707
meanAnSpell3x,35.68253968,36.73809524,18.6984127,24.57142857,25.48412698,24.66666667,26.72222222,22.92857143,30.94444444,30.23809524,20.00793651,26.38888889,31.18253968,29.1984127,29.76190476,29.51587302,27.63492063,25.52380952,29.01587302,22.27777778,23.99206349,28,28.28571429,33.18253968,29.8968254,34.26984127,29.85714286,29.02380952,29.52380952,30.11111111,27.3968254,26.21428571,26.4047619,25.9047619,25.93650794,29.41269841,29.35714286
meanAnSpell7x,15.42857143,16.4047619,2.69047619,13.43650794,13.27777778,12.46031746,14.3968254,11.45238095,13.38888889,13.16666667,12.14285714,14.47619048,13.83333333,14.01587302,14.24603175,13.95238095,13.65079365,13.23809524,12,9.944444444,11.56349206,13.46825397,13.92063492,14.82539683,14.53968254,13.48412698,16.53968254,13.51587302,14.11904762,14.38095238,14.15079365,14.0952381,14.0952381,13.78571429,13.79365079,14.30952381,14.38888889
meanAnMinMov1,1.876353538,0.000811638,0.350405271,0,1.241389605,1.202305211,1.48E-06,0.224880219,5.50E-06,1.33E-06,0,0,1.871758757,1.489133464,0,0,1.395867422,1.264122536,0.000435836,0.403575363,1.143552641,0.000362124,0.000205835,0.000253311,0.000198813,0.25616838,0,0.00066397,0.001205703,0,0.001268502,0.001456259,0.001196707,0.001035736,0.000880543,0,0
cvAnMinMov1,0.40830065,0.678247864,0.429736969,0,0.419192139,0.418608241,11.22497216,0.493011154,11.22497216,11.22497216,0,0,0.408841901,0.413117508,0,0,0.415702436,0.421844911,2.71849793,0.479333848,0.398312751,3.708370009,5.774242633,6.482033208,5.891147672,0.62441399,0,1.989983779,3.043352012,0,2.842610505,2.634462829,2.808594924,2.904901221,2.915403248,0,0
meanAnMinMov3,1.93046219,0.000862816,0.360645097,0,1.295730778,1.253902331,5.25E-06,0.230723568,1.03E-05,8.09E-06,0,0,1.925042533,1.537178481,0.000153285,2.08E-05,1.447805593,1.315129553,0.000476432,0.440659625,1.182217266,0.000445343,0.000264562,0.000346502,0.000318003,0.271632942,0,0.000753461,0.001954665,0,0.001732384,0.001881347,0.001574718,0.001389036,0.001147988,0,0
cvAnMinMov3,0.402867442,0.709350199,0.427246816,0,0.412375851,0.410672633,6.513380505,0.501524182,11.22497216,11.22497216,0,0,0.40343253,0.407586327,9.319667708,8.728851136,0.408490392,0.415005781,2.601160137,0.486258483,0.40403183,3.284391294,4.944322108,5.146980779,4.272220104,0.60193372,0,1.913870331,2.812610229,0,2.556459362,2.341618502,2.515999041,2.675457157,2.855824149,0,0
meanAnMinMov7,2.0638258,0.000976843,0.379159768,0,1.409854468,1.354410636,3.62E-05,0.242148912,0.000129976,9.02E-05,0,1.72E-05,2.058780052,1.653271277,0.000245657,0.000319372,1.564778962,1.428482247,0.000626234,0.495555977,1.244579607,0.000824837,0.00057644,0.001500178,0.000904339,0.305763244,0,0.001191813,0.003210551,0,0.003193701,0.003450203,0.0028742,0.002655985,0.002236394,0,0
cvAnMinMov7,0.401225119,0.765589578,0.429287828,0,0.405074945,0.409288467,5.956358925,0.491801366,6.778866584,7.866579399,0,8.207384875,0.402075692,0.397036622,6.548872883,6.101791559,0.397105552,0.403164048,2.272754424,0.464653493,0.404754086,2.308462299,3.002951301,3.003080904,2.581457132,0.568392374,0,1.833649039,2.345344052,0,2.226840731,2.040606599,2.135618526,2.191266977,2.249879183,0,0
meanAnMinMov30,2.739847461,0.002234085,0.465922275,0.000266395,1.866034753,1.762096596,0.003003543,0.304372415,0.003527743,0.002992183,0.007982223,0.002890172,2.725132972,2.174785966,0.008695317,0.008391417,2.053442519,1.876439679,0.003262216,0.652157099,1.518464072,0.009244612,0.013525607,0.021208999,0.017061948,0.459457249,0.000643498,0.006260501,0.031891993,0.000618825,0.02924794,0.028202925,0.023643329,0.022734972,0.020349583,0.000587897,0.000537295
cvAnMinMov30,0.419445156,1.4035062,0.435468041,4.513427467,0.402474118,0.398398556,2.184275823,0.530369451,3.098221229,2.934366952,2.566609966,3.002619056,0.417304318,0.410440784,3.838787354,3.482552822,0.40132899,0.401909513,1.550953454,0.453509115,0.407609442,1.298865735,1.506454639,1.737429848,1.530810529,0.512344649,3.129821866,1.074709948,1.650684646,4.438151545,1.550713769,1.483731748,1.455185206,1.463680396,1.42026534,4.320870054,4.27445592
meanAnMinMov90,4.163867898,0.021989125,0.653507511,0.003566215,2.652013223,2.515798773,0.028677535,0.484233876,0.058727153,0.051677244,0.066729274,0.036824249,4.121387799,3.263062164,0.104507169,0.10183427,3.024590662,2.659616159,0.018274755,0.873623109,2.084238128,0.039271065,0.061898921,0.107803202,0.07823439,0.774938537,0.005807346,0.019979006,0.163173652,0.017016653,0.13197307,0.126284445,0.104750896,0.103544143,0.092739421,0.016300899,0.014483066
cvAnMinMov90,0.452469072,3.708613615,0.43288189,2.036514785,0.418233045,0.417346891,1.425685223,0.543278575,1.870711632,2.108664004,1.76028072,1.519511891,0.444455024,0.435713382,1.433916073,1.475007657,0.428322634,0.416907222,1.764284177,0.452880719,0.423769467,1.871855,2.178447027,1.969204649,1.87402411,0.632234195,2.33626904,0.881710465,1.190319895,2.557238754,1.103516426,1.121357476,1.081397283,1.107318484,1.111086648,3.033079383,3.011533386
lowQDuration75,33.32505714,25.32848571,16.23639678,6.31783646,18.53423579,17.66849769,6.064174435,38.67436573,14.33927747,11.39166101,4.515616703,9.247308564,32.94694286,28.3890381,18.66968043,15.78041084,26.07785336,22.60762929,15.99740407,9.74571238,22.12484406,6.298572773,7.880994085,12.74533945,10.33811109,24.10300058,5.380618182,9.118941492,19.10287283,11.75984906,16.73628118,14.54614288,14.55864744,13.18833259,10.26847506,8.092953218,7.694669595
lowQDuration90,15.68712121,18.23958333,11.35333998,6.31783646,10.31959454,9.546001766,4.932078529,21.20536119,10.64846204,9.570566417,4.515616703,9.086480208,15.93746177,14.66270563,13.89065886,12.63305389,12.85206207,12.88129558,9.264790431,5.155584633,11.08284832,3.97962018,4.871092873,6.840886689,6.038929775,11.71501814,5.380618182,5.351865914,9.569084611,11.75984906,8.619209656,7.381242854,7.379357768,6.517335467,5.791113754,8.092953218,7.694669595
lowQDuration99,9.227564103,7.84375,5.381834215,6.31783646,7.602070393,7.001503759,4.932078529,11.28055556,10.64846204,9.570566417,4.515616703,9.086480208,9.368589744,8.418707483,13.89065886,12.63305389,9.81754386,7.765838509,4.615125392,4.676785714,9.067777778,3.30014446,4.871092873,5.459399687,5.253560376,5.297530864,5.380618182,3.634345839,7.30280112,11.75984906,5.835498168,4.70683171,4.440505126,4.303856637,4.951956419,8.092953218,7.694669595
CVlowQDuration75,0.770787977,0.680020401,0.597310081,0.310485548,0.739589461,0.628277866,0.36211854,0.656164404,0.6186191,0.57974145,0.311639202,0.417421239,0.744160394,0.737783216,0.70920593,0.616932866,0.732025519,0.67015466,0.763065482,0.6591154,0.717124688,0.456864469,0.478581342,0.508865287,0.508811731,0.727843651,0.399205895,0.576356411,0.513983662,0.613346136,0.515518387,0.531458117,0.611850914,0.667053766,0.596158489,0.455703137,0.389815533
CVlowQDuration90,0.829831111,0.814593155,0.952645119,0.310485548,0.799360611,0.831290934,0.39657426,0.950130839,0.576718613,0.479444265,0.311639202,0.418038125,0.818391826,0.859186266,0.810924699,0.813499706,0.949461486,0.998921599,0.92700825,0.79820764,0.871669536,0.466943898,0.479534007,0.781653059,0.630149718,1.141983234,0.399205895,0.473700384,0.652612603,0.613346136,0.584474154,0.532063386,0.580735345,0.569694682,0.516695893,0.455703137,0.389815533
CVlowQDuration99,1.288190872,0.956687263,0.759389905,0.310485548,1.766093779,1.039551163,0.39657426,1.264693134,0.576718613,0.479444265,0.311639202,0.418038125,1.267875496,0.95078953,0.810924699,0.813499706,1.541591388,1.748461668,0.546810109,0.740066871,0.88123949,0.581892798,0.479534007,0.685299653,0.590842626,0.853067038,0.399205895,0.811401868,0.527380213,0.613346136,0.47974151,0.626178283,0.592885536,0.505023491,0.520349435,0.455703137,0.389815533
meanAnZeroFlowDays,0,0,0,142.8492063,0,0,63.46031746,0,73.02380952,83.86507937,96.13492063,87.82539683,0,0,64.44444444,63.19047619,0,0,0.579365079,0,0,13.4047619,36.66666667,25.02380952,27.45238095,0,117.2777778,1.738095238,22,103.8571429,18.41269841,11.16666667,13.72222222,17.14285714,23.18253968,119.5079365,120.8650794
cvAnZeroFlowDays,NA,NA,NA,0.263338318,NA,NA,0.660574047,NA,0.478929256,0.45124314,0.275446068,0.407895514,NA,NA,0.511150482,0.527043113,NA,NA,5.046867155,NA,NA,1.337896292,0.706349947,0.724173254,0.717635565,NA,0.239223121,4.683826834,0.856670472,0.276266207,0.950422217,1.260658899,1.155620881,1.070812257,0.975755326,0.248431414,0.255983913
meanAnMaxMov1,6118.771142,2803.409493,37.75122534,141.4929822,1356.461925,1185.591559,312.6435171,180.5110816,465.9678062,431.9090908,517.9155191,331.0559608,3231.877636,2635.02229,746.436177,733.5838759,2107.872731,1337.356812,50.40710258,232.3548125,685.8910513,115.160059,375.6642618,695.9611568,488.2011153,743.7866267,56.09570719,64.47007207,779.1277832,133.9181871,679.39222,666.7013339,566.8934482,591.8207017,557.4831402,145.9663649,127.1845956
cvAnMaxMov1,0.635697584,0.712367197,1.358679989,0.91836991,1.018145885,1.058472983,0.979283923,1.340830685,0.659220105,0.676764953,1.17085091,0.827402192,0.801380688,0.847668717,0.713131392,0.690531458,0.928744949,1.007740473,0.91609874,1.330151122,1.12307011,1.11454067,0.822331318,0.660384513,0.782863688,0.632922672,1.038834614,0.800933625,0.767838998,0.822092161,0.805617425,0.821247322,0.794046186,0.784026712,0.749653485,1.097349896,1.091317318
meanAnMaxMov3,5748.757542,2478.385305,27.04988707,111.8605837,1269.962569,1070.265933,258.452437,147.8053295,420.9257639,379.308704,401.6040955,298.4133421,3139.39055,2540.676432,706.4478273,682.0265996,2013.152478,1261.980873,37.9838091,165.1549769,611.3934248,99.46844087,342.9624394,653.5305644,454.6701585,711.3611708,45.783562,58.31517585,744.4507511,117.9127438,639.8396565,617.0099369,511.9883141,521.5670044,476.9115563,112.4967504,98.3084829
cvAnMaxMov3,0.633908604,0.701882014,1.335196633,0.841040723,1.001864588,1.034050372,0.779066719,1.336149115,0.664055446,0.682206665,0.994564333,0.771486748,0.798902266,0.845156045,0.715654464,0.686169566,0.923474594,0.999184408,0.651648135,1.189347098,1.110830762,0.943054094,0.810738835,0.671819119,0.772243535,0.631258876,0.790346463,0.801882981,0.766371655,0.75545831,0.805712698,0.821533768,0.796905464,0.78844394,0.762291491,0.781439447,0.785114904
meanAnMaxMov7,5103.679374,2036.189313,18.7809548,78.42217478,1003.909004,809.6418562,194.9819745,102.6262329,328.6428339,287.762794,265.6698147,232.1588658,2786.089221,2194.34341,587.3140197,548.3137488,1686.978247,1016.209993,26.39509675,109.8389566,454.0749138,75.55499954,273.8126734,546.0484281,369.6114116,610.8000288,35.63961466,45.87021685,625.9077026,90.18921764,518.6539876,484.1471083,387.241693,387.1164143,345.8055217,83.54665493,73.28678478
cvAnMaxMov7,0.621972663,0.673227139,0.976446879,0.825249146,0.937090368,0.963443996,0.728577534,1.042675038,0.695207543,0.71205503,0.895319989,0.742414467,0.781397246,0.825443516,0.73687521,0.701777803,0.893003912,0.949938492,0.583419875,0.960344797,1.005454865,0.843020916,0.78239773,0.648833194,0.73467829,0.615565863,0.670833063,0.793925874,0.755373307,0.649848672,0.794635272,0.814870936,0.79141807,0.787323725,0.758966901,0.652141171,0.657487891
meanAnMaxMov30,3063.487218,1182.914456,10.00240964,36.13745113,451.7519101,352.6268883,93.71410803,42.7857432,173.4082747,149.218446,106.2551078,113.4422894,1519.01728,1146.774227,312.7533336,286.6930912,830.1513148,461.6588341,13.44617751,45.84929081,196.9920385,34.80393978,127.9864739,289.733892,181.4391518,340.4242264,17.53050797,22.46224938,321.4948472,44.14761649,257.6766347,232.5780587,182.7325014,181.0840475,160.3844037,40.10163019,35.12590703
cvAnMaxMov30,0.574612106,0.572972964,0.621571638,0.877633818,0.786986542,0.802905098,0.708154078,0.814725977,0.767759446,0.776394601,0.765420263,0.742683577,0.71024867,0.751490318,0.796670161,0.748032967,0.775793978,0.798908233,0.506761253,0.816237462,0.848770412,0.771097115,0.748049291,0.628407133,0.702275053,0.585870188,0.661342802,0.745640374,0.708462982,0.550597246,0.757645508,0.778627292,0.756735398,0.753977069,0.728531584,0.552156581,0.55777171
meanAnMaxMov90,1808.266503,675.2140019,6.887083243,19.9720526,245.9892106,190.3011766,51.52290575,22.84318286,104.3431897,89.21695732,56.19524436,62.42483959,894.1889809,665.5096941,184.0673369,168.3573518,470.1259675,251.2873566,7.942894854,25.35311404,105.4525749,19.3712941,70.71046743,168.4760423,102.307026,203.303679,9.886603749,13.04507414,184.8390579,25.18626431,145.8573241,129.9828342,101.8778441,100.8995186,89.29511537,22.6751859,19.81616861
cvAnMaxMov90,0.555094688,0.497336064,0.431902037,0.912315216,0.694953377,0.707400122,0.666194636,0.678761566,0.800071062,0.811206791,0.6920763,0.748737862,0.684849513,0.724800942,0.849484144,0.792670741,0.710329692,0.712262267,0.466599864,0.700302147,0.73490545,0.680370611,0.64311383,0.577687313,0.618040408,0.540059538,0.636418788,0.687490975,0.685102584,0.511074181,0.73673807,0.755123765,0.721943163,0.717683751,0.686549662,0.506934798,0.511185726
highQduration25,48.69755291,40.2356576,11.12938775,10.44904745,24.7364166,21.47293542,14.99743224,20.21000739,29.33988725,18.5265072,6.625543879,15.95812338,42.85090703,42.07041446,39.87577475,36.18357899,36.69051398,28.54159108,10.27182499,16.50306151,26.16606713,18.51589048,21.79799601,36.91513291,28.17937453,33.9885897,7.558104527,32.1208,37.16643046,15.27172277,31.07318594,23.56050521,25.03790971,22.84842215,17.23637824,7.987391817,7.745158976
highQduration10,18.07152946,12.92435307,4.511035757,19.28536232,14.87088212,13.51830972,15.84021825,8.119267002,11.83455261,10.51417051,5.06909878,17.81512605,21.16495726,21.00732759,17.09509804,14.91639344,18.93402204,15.58825137,4.982964752,8.47026936,12.00846995,8.563619048,11.33030476,13.3014945,12.41503097,15.65155451,14.69818452,14.65040984,18.14183201,14.9669246,20.3502849,20.13791051,18.21212485,16.75218087,13.1287619,8.472219022,8.542076875
highQduration01,4.810632184,3.638636364,2.147415796,3.124877451,4.957777778,4.322051282,3.556914547,3.047257384,3.78547619,3.28943662,3.029437229,3.951360544,6.480072464,6.142222222,5.00969697,4.284946237,5.330246914,5.133333333,2.314969605,3.035682111,4.039487179,3.870238095,4.502604167,4.556547619,4.686507937,5.641509434,3.081407563,4.11796875,5.36163522,4.015962441,4.633876358,4.229454685,3.81512605,3.548309179,3.080888889,3.340570175,3.466222222
cvHighQduration25,0.684418808,0.698377326,0.858638526,0.656945088,0.865322509,0.878701492,0.937069747,0.895149517,0.859160483,0.782257333,0.619602267,0.699143376,0.703424373,0.756422057,0.779532092,0.857845227,0.72174507,0.805727108,0.675804996,1.066974194,0.772820481,0.833135095,0.77082998,0.727787928,0.681674108,0.711549881,0.590666693,0.80530809,0.718413838,0.835422675,0.726305291,0.807958124,0.822899835,0.862759192,0.681989035,0.567154417,0.536078572
cvHighQduration10,0.879274462,1.072667843,0.590507167,0.811725308,0.838914501,0.683399038,0.898327545,0.453616616,1.031887123,0.992797524,0.663287554,0.831721919,0.834038937,0.863328907,0.891802755,0.953254374,0.888045603,0.838315816,0.670111965,0.585544771,0.643965941,0.710561581,0.807922523,0.886610247,0.758299488,0.791357129,0.700123935,1.040897534,0.801716493,0.836401662,0.846022146,0.830182782,0.853610509,0.895013803,1.048705839,0.846274761,0.848074565
cvHighQduration01,0.605473665,0.787650054,0.509952716,0.539289911,0.412726177,0.446528818,0.541286266,0.531524344,0.755156803,0.716654635,0.533270163,0.578679455,0.488626407,0.410665482,0.703953379,0.673783921,0.446246105,0.39870898,0.642308549,0.398782926,0.458250986,0.453876232,0.483996704,0.533775101,0.472129478,0.432928305,0.487563348,0.621093737,0.475147569,0.539841681,0.477446241,0.529556445,0.605213659,0.577318138,0.621605877,0.621153029,0.609733567
predictabilityMeanQ,0.767039537,0.779250357,0.685967207,0.765943427,0.748814027,0.743515765,0.748556333,0.708695053,0.722673984,0.719936161,0.782641929,0.752569443,0.74311052,0.745112999,0.74377812,0.740098916,0.746843597,0.751395172,0.736592897,0.700529417,0.726021549,0.712718056,0.736070477,0.734829787,0.735293825,0.732716363,0.765425401,0.729501312,0.741072816,0.751480002,0.749487993,0.755197058,0.751021705,0.750333136,0.747607311,0.753812808,0.7542764
constancyMeanQ,0.597331957,0.614568672,0.478553395,0.662258224,0.620276743,0.614522407,0.624779294,0.577349903,0.581162508,0.582943862,0.677488008,0.632008512,0.590768595,0.602185857,0.605207963,0.598238726,0.606962376,0.623608552,0.552682746,0.57716173,0.601216051,0.591681852,0.611766515,0.585241828,0.603210731,0.5716896,0.642886235,0.599074869,0.601581004,0.613117842,0.622598102,0.636407174,0.628955509,0.629804459,0.624388518,0.616810005,0.620451578
seasonalityMeanQ,0.221250108,0.211333474,0.30236695,0.135369271,0.171654483,0.173491086,0.165354341,0.185333804,0.19581648,0.190283953,0.134357638,0.160199078,0.205005744,0.191819419,0.186305773,0.191677338,0.187296539,0.170065799,0.249676792,0.176106363,0.171903297,0.169823401,0.168875082,0.203568176,0.179633079,0.219766844,0.160092892,0.178788497,0.188229562,0.184119551,0.1693021,0.15729654,0.162533513,0.160633553,0.164817534,0.181746451,0.177421463
perenniality,1.479469926,0.196592977,20.44154616,1.043258442,4.317692024,5.048858289,1.474364401,9.046749222,2.140175842,2.137590967,1.406087993,1.437371818,2.763801555,2.812709927,1.791561738,1.889882548,3.0752928,4.224005589,3.073831056,11.14776879,7.175684326,3.239493517,2.285390281,1.743107744,1.990835963,3.202263817,0.854187233,2.711179434,1.819385726,1.312455108,1.76941774,1.829451793,1.988533417,2.027050545,2.138067663,1.315178604,1.347107901
JDayAnMin,263,232,282,227,281,281,249,282,228,268,211,217,264,269,230,228,276,282,262,302,282,261,254,255,255,262,224,276,212,212,266,266,267,276,276,211,211
sdJDayAnMin,51.1105245,71.20109015,64.10822942,168.4355183,78.7617968,80.26390005,152.711368,127.9557525,63.28977199,98.9803572,111.5464883,111.6886617,55.29739223,60.48638834,54.50775393,56.35305375,68.38569422,78.2544182,66.02476688,143.4618748,106.0924649,91.25144052,67.32195802,39.93715301,52.29608926,59.83794252,159.3058354,94.62578762,56.3973291,88.43866137,31.8867042,33.83163261,34.02146848,34.75549517,54.90027033,108.8104147,117.7220968
predictabilityMinQ,0.879891329,0.905555131,0.815625172,0.941431505,0.919136434,0.92072586,0.909883731,0.920980944,0.900542826,0.907408034,0.95748632,0.912193945,0.884923181,0.895102634,0.897039485,0.895915819,0.899101643,0.917495251,0.886251454,0.899250725,0.919362442,0.922293269,0.935145561,0.8958956,0.92017402,0.882468058,0.943086207,0.878437562,0.892836241,0.903707755,0.896022022,0.905159182,0.907088168,0.908316144,0.908708415,0.923090582,0.924280366
seasonalityMinQ,0.079348174,0.067658441,0.185631192,0.026125847,0.039389812,0.036293477,0.043709466,0.040072803,0.054363257,0.046612188,0.01808973,0.043601239,0.06670323,0.057175846,0.051680952,0.052648698,0.054633611,0.039907663,0.081693125,0.0460495,0.035210735,0.034160392,0.025307619,0.05766492,0.036218197,0.068387843,0.025815737,0.060051029,0.057211207,0.052022201,0.053224283,0.050185527,0.048605748,0.046762212,0.045283998,0.042332429,0.041100539
JDayAnMax,48,47,66,45,69,69,46,66,46,46,68,46,49,71,48,47,70,70,68,65,67,66,44,45,44,46,42,68,70,25,70,69,69,69,68,24,24
sdJDayAnMax,25.67393218,25.12603153,41.33976524,32.11944474,35.12099268,36.57651254,32.45301855,36.39509822,31.55707855,31.95805783,40.5901896,31.2360445,26.84907849,34.59906412,30.50058547,31.24315798,34.87301226,35.01122269,40.58041204,41.76113101,38.9721105,42.46380345,38.63935817,29.68993202,32.90751832,30.79875796,30.49460009,33.3804429,35.59851076,30.35948637,37.18369245,34.99047489,35.48272551,35.9471614,36.2857924,33.44160986,33.26182807
predictabilityMaxQ,0.692152362,0.712647614,0.473326867,0.68063642,0.62287667,0.591412587,0.588454235,0.498249547,0.595001615,0.565643058,0.497095413,0.606924733,0.643322349,0.63947354,0.617413089,0.60623368,0.643795204,0.629157403,0.531439971,0.5000395,0.56798427,0.536756455,0.585363903,0.631301983,0.608058743,0.634433725,0.588211381,0.581800635,0.644754195,0.56673375,0.638790363,0.626523281,0.604920068,0.596919826,0.569274963,0.523196488,0.521262412
seasonalityMaxQ,0.293077922,0.276246352,0.397121518,0.18787436,0.274127149,0.280183611,0.275825899,0.335345395,0.290570518,0.307550117,0.372735569,0.26991316,0.295491316,0.286604077,0.28269712,0.286373519,0.278646998,0.268871487,0.434533385,0.322929233,0.287739239,0.29399301,0.287111257,0.299901879,0.287337313,0.315174164,0.308247964,0.293462588,0.288745721,0.352311435,0.280275749,0.274270526,0.283015728,0.29198272,0.309553184,0.390201496,0.39137107
riseRate,119.3344357,106.2436145,1.419589029,3.992930066,25.14777324,23.49124242,8.607356222,6.159772877,15.50322054,16.68734812,11.13940084,9.029654241,51.95993176,43.18821164,15.92631272,18.01708324,35.47768255,22.66531198,2.65222469,5.102829676,14.01562194,2.793609151,8.686973464,15.65454331,10.28993703,18.6149343,1.478907835,1.709570625,14.19625072,3.489028186,12.72682823,13.19077934,11.08684952,13.16713426,14.33363699,4.857452927,4.245086357
cvRise,2.985643197,2.556342552,3.865580613,4.740955938,4.0141971,4.37916704,4.141240299,4.690210739,2.535215586,2.756947812,5.700106394,3.323995884,2.932783687,3.271964097,2.785674438,2.805024535,3.664339013,4.082531594,2.799212158,6.547595226,4.736987427,4.216150855,3.562123698,3.163754748,3.431115103,2.369354058,4.234990743,3.836284559,3.115788544,3.506356669,3.363887108,3.597003295,3.722346315,3.717362906,3.755105574,4.123966042,4.054192221
fallRate,52.02154461,25.83834985,0.458970457,1.839044497,9.711635247,8.508389004,2.723759307,1.245192805,4.84030061,5.009675482,6.762689194,3.082250731,23.17551848,19.32248564,6.85052066,6.791124012,15.14256377,9.493067148,0.582313444,1.827367621,4.86567766,1.054207852,3.422415258,6.442760853,4.300695629,5.615863996,0.812440467,0.485388551,6.082099427,1.588392016,5.230625345,5.204929865,4.45657175,4.729356808,4.788914031,2.088541003,1.829679008
cvFall,3.185442487,3.620962295,5.997456781,4.954125079,5.147782444,5.448277711,6.333764337,8.683815985,3.447864924,3.400376732,5.797186196,4.416141214,3.942933803,4.18482907,3.551758295,3.655325587,4.58751423,5.132841585,5.032115,9.118230525,5.827361874,5.441119288,3.722424247,3.253612358,3.646773198,3.314602753,4.511819779,3.82267282,3.973076358,3.858943912,4.329963807,4.551094835,4.61710391,4.661928816,4.484930513,5.364925545,5.281654909
revPerYear,63.80952381,83.47619048,118.0634921,101.5079365,76,74.22222222,98.47619048,61.6984127,67.66666667,83.25396825,142.3333333,78.41269841,40.85714286,44.77777778,51.0952381,56.28571429,50.20634921,55.88888889,91.68253968,123.7936508,69.55555556,122.8253968,104.7777778,81.84126984,85.07936508,66.53968254,126.5555556,100.3174603,55.80952381,73.25396825,62.63492063,80.50793651,72.53968254,86.26984127,106.8730159,107.6984127,108.1269841
cvRev,0.149776488,0.144500058,0.122539816,0.173956555,0.16887275,0.154942593,0.167494539,0.207037612,0.174679553,0.176504817,0.13694288,0.180205557,0.169280464,0.16026934,0.179056345,0.183053315,0.162015206,0.162091512,0.160543647,0.141588224,0.160719706,0.147519948,0.149603733,0.144064791,0.151287303,0.188367153,0.180829272,0.196615377,0.148600737,0.189430863,0.167467463,0.168808643,0.17219614,0.165335542,0.175007467,0.175951816,0.178034597
catchmentArea,2262002.423,1389462.63,8587.052215,125766.7939,772798.5414,546547.1785,161823.4693,36594.18337,457053.1479,398434.4041,169321.8507,427321.3575,4554345.912,3453953.839,1177068.299,929985.22,2031719.34,849475.8521,16771.67613,53334.5841,251434.9259,53146.71365,216394.9211,706242.1932,380140.1727,773183.0454,42165.04537,32650.36402,864874.8165,83850.31931,645883.3282,492751.5814,348992.4995,342208.6808,279165.201,62327.8935,54972.34086
